sample,datetime,wtemp_a_1,ltemp_a_2,wtrhgt__3,batt_mi_4
1,7/5/2017 12:00,10.5,24.5,19,3.55
2,7/5/2017 12:15,10.5,24.2,18,3.55
3,7/5/2017 12:30,10.5,23.8,18,3.55
4,7/5/2017 12:45,10.5,23.8,18,3.55
5,7/5/2017 13:00,10.5,24.2,18,3.55
6,7/5/2017 13:15,10.8,24.2,17,3.55
7,7/5/2017 13:30,10.8,24.5,17,3.55
8,7/5/2017 13:45,10.8,25.3,18,3.55
9,7/5/2017 14:00,10.8,24.5,18,3.55
10,7/5/2017 14:15,10.8,23.8,18,3.55
11,7/5/2017 14:30,10.8,23.4,18,3.55
12,7/5/2017 14:45,10.8,23.8,18,3.55
13,7/5/2017 15:00,10.8,24.2,18,3.55
14,7/5/2017 15:15,10.8,25.3,18,3.55
15,7/5/2017 15:30,10.8,24.9,18,3.55
16,7/5/2017 15:45,10.8,23.8,18,3.55
17,7/5/2017 16:00,10.8,24.2,18,3.55
18,7/5/2017 16:15,10.8,23.8,18,3.55
19,7/5/2017 16:30,10.8,22.7,18,3.55
20,7/5/2017 16:45,10.8,21.3,18,3.55
21,7/5/2017 17:00,10.8,20.2,18,3.55
22,7/5/2017 17:15,10.5,19.2,18,3.55
23,7/5/2017 17:30,10.5,18.8,18,3.55
24,7/5/2017 17:45,10.5,18.5,18,3.55
25,7/5/2017 18:00,10.5,18.5,18,3.55
26,7/5/2017 18:15,10.5,18.8,18,3.55
27,7/5/2017 18:30,10.5,18.5,18,3.55
28,7/5/2017 18:45,10.5,18.2,18,3.55
29,7/5/2017 19:00,10.5,17.8,18,3.55
30,7/5/2017 19:15,10.5,17.5,18,3.55
31,7/5/2017 19:30,10.5,16.8,18,3.55
32,7/5/2017 19:45,10.5,16.5,18,3.55
33,7/5/2017 20:00,10.5,15.8,18,3.55
34,7/5/2017 20:15,10.5,15.8,19,3.55
35,7/5/2017 20:30,10.5,16.5,19,3.55
36,7/5/2017 20:45,10.5,16.5,19,3.55
37,7/5/2017 21:00,10.2,16.1,19,3.55
38,7/5/2017 21:15,10.2,15.8,19,3.55
39,7/5/2017 21:30,10.2,15.5,19,3.55
40,7/5/2017 21:45,10.2,14.8,19,3.55
41,7/5/2017 22:00,10.2,14.5,19,3.55
42,7/5/2017 22:15,9.8,13.8,19,3.55
43,7/5/2017 22:30,9.8,13.5,20,3.55
44,7/5/2017 22:45,9.8,13.1,20,3.55
45,7/5/2017 23:00,9.8,12.8,20,3.55
46,7/5/2017 23:15,9.5,12.5,20,3.55
47,7/5/2017 23:30,9.5,12.1,20,3.55
48,7/5/2017 23:45,9.5,11.8,20,3.55
49,7/6/2017 0:00,9.5,11.8,20,3.51
50,7/6/2017 0:15,9.5,11.5,20,3.51
51,7/6/2017 0:30,9.5,11.5,20,3.51
52,7/6/2017 0:45,9.2,11.2,20,3.51
53,7/6/2017 1:00,9.2,10.8,20,3.51
54,7/6/2017 1:15,9.2,10.8,20,3.51
55,7/6/2017 1:30,9.2,10.8,20,3.51
56,7/6/2017 1:45,9.2,10.5,20,3.51
57,7/6/2017 2:00,9.2,10.5,20,3.51
58,7/6/2017 2:15,9.2,10.2,20,3.51
59,7/6/2017 2:30,8.9,10.2,21,3.51
60,7/6/2017 2:45,8.9,9.8,21,3.51
61,7/6/2017 3:00,8.9,9.8,21,3.51
62,7/6/2017 3:15,8.9,9.5,20,3.51
63,7/6/2017 3:30,8.9,9.5,21,3.51
64,7/6/2017 3:45,8.9,9.2,21,3.51
65,7/6/2017 4:00,8.9,9.2,21,3.51
66,7/6/2017 4:15,8.5,9.2,21,3.51
67,7/6/2017 4:30,8.5,8.9,21,3.51
68,7/6/2017 4:45,8.5,8.9,21,3.51
69,7/6/2017 5:00,8.5,8.9,21,3.51
70,7/6/2017 5:15,8.5,8.5,21,3.51
71,7/6/2017 5:30,8.5,8.5,21,3.51
72,7/6/2017 5:45,8.5,8.5,21,3.51
73,7/6/2017 6:00,8.5,8.5,21,3.51
74,7/6/2017 6:15,8.5,8.2,21,3.51
75,7/6/2017 6:30,8.5,8.2,21,3.51
76,7/6/2017 6:45,8.2,8.5,21,3.51
77,7/6/2017 7:00,8.2,8.5,21,3.51
78,7/6/2017 7:15,8.5,8.5,21,3.51
79,7/6/2017 7:30,8.5,8.9,21,3.51
80,7/6/2017 7:45,8.5,9.2,21,3.51
81,7/6/2017 8:00,8.5,9.8,21,3.51
82,7/6/2017 8:15,8.5,11.2,21,3.51
83,7/6/2017 8:30,8.9,12.1,21,3.55
84,7/6/2017 8:45,8.9,13.1,21,3.55
85,7/6/2017 9:00,9.2,13.8,21,3.55
86,7/6/2017 9:15,9.2,14.8,21,3.55
87,7/6/2017 9:30,9.2,16.1,21,3.55
88,7/6/2017 9:45,9.5,17.1,21,3.55
89,7/6/2017 10:00,9.5,18.8,22,3.55
90,7/6/2017 10:15,9.8,20.9,22,3.55
91,7/6/2017 10:30,10.2,23.1,22,3.55
92,7/6/2017 10:45,10.2,23.1,22,3.55
93,7/6/2017 11:00,10.2,22,22,3.55
94,7/6/2017 11:15,9.8,20.6,21,3.55
95,7/6/2017 11:30,10.2,20.6,22,3.55
96,7/6/2017 11:45,10.5,22.7,22,3.55
97,7/6/2017 12:00,10.8,24.5,22,3.55
98,7/6/2017 12:15,10.8,25.3,22,3.55
99,7/6/2017 12:30,10.8,25.6,21,3.59
100,7/6/2017 12:45,10.8,25.3,21,3.59
101,7/6/2017 13:00,10.8,25.3,21,3.59
102,7/6/2017 13:15,10.8,25.6,21,3.59
103,7/6/2017 13:30,10.8,25.3,21,3.59
104,7/6/2017 13:45,11.2,25.6,20,3.59
105,7/6/2017 14:00,11.2,26,20,3.59
106,7/6/2017 14:15,11.2,24.9,20,3.55
107,7/6/2017 14:30,10.8,21.6,20,3.55
108,7/6/2017 14:45,10.8,17.8,20,3.55
109,7/6/2017 15:00,10.5,16.1,20,3.55
110,7/6/2017 15:15,10.5,15.8,20,3.55
111,7/6/2017 15:30,10.5,16.1,20,3.55
112,7/6/2017 15:45,10.5,16.5,20,3.55
113,7/6/2017 16:00,10.5,16.8,20,3.55
114,7/6/2017 16:15,10.8,16.8,20,3.55
115,7/6/2017 16:30,10.8,16.8,20,3.55
116,7/6/2017 16:45,10.8,16.8,20,3.55
117,7/6/2017 17:00,10.8,17.1,20,3.55
118,7/6/2017 17:15,10.8,17.5,20,3.55
119,7/6/2017 17:30,10.8,17.5,20,3.55
120,7/6/2017 17:45,10.8,17.1,20,3.55
121,7/6/2017 18:00,10.8,16.8,20,3.55
122,7/6/2017 18:15,10.8,16.5,20,3.55
123,7/6/2017 18:30,10.5,16.5,20,3.55
124,7/6/2017 18:45,10.5,16.1,20,3.55
125,7/6/2017 19:00,10.5,15.8,20,3.55
126,7/6/2017 19:15,10.5,15.5,20,3.55
127,7/6/2017 19:30,10.5,15.1,20,3.55
128,7/6/2017 19:45,10.5,14.8,20,3.55
129,7/6/2017 20:00,10.5,14.5,20,3.55
130,7/6/2017 20:15,10.5,14.1,20,3.55
131,7/6/2017 20:30,10.2,13.8,20,3.55
132,7/6/2017 20:45,10.2,13.5,20,3.55
133,7/6/2017 21:00,10.2,13.1,20,3.55
134,7/6/2017 21:15,10.2,12.8,20,3.55
135,7/6/2017 21:30,10.2,12.5,20,3.55
136,7/6/2017 21:45,9.8,12.5,20,3.55
137,7/6/2017 22:00,9.8,12.1,20,3.55
138,7/6/2017 22:15,9.8,11.8,20,3.55
139,7/6/2017 22:30,9.8,11.5,20,3.55
140,7/6/2017 22:45,9.8,11.5,20,3.55
141,7/6/2017 23:00,9.5,11.2,20,3.51
142,7/6/2017 23:15,9.5,11.2,20,3.51
143,7/6/2017 23:30,9.5,11.2,20,3.51
144,7/6/2017 23:45,9.5,10.8,20,3.51
145,7/7/2017 0:00,9.5,10.8,20,3.51
146,7/7/2017 0:15,9.5,10.5,20,3.51
147,7/7/2017 0:30,9.5,10.5,20,3.51
148,7/7/2017 0:45,9.2,10.5,20,3.51
149,7/7/2017 1:00,9.2,10.5,20,3.51
150,7/7/2017 1:15,9.2,10.5,20,3.51
151,7/7/2017 1:30,9.2,10.8,20,3.51
152,7/7/2017 1:45,9.2,10.8,20,3.51
153,7/7/2017 2:00,9.2,10.8,20,3.51
154,7/7/2017 2:15,9.2,10.8,20,3.51
155,7/7/2017 2:30,9.2,10.8,20,3.51
156,7/7/2017 2:45,9.2,10.5,20,3.51
157,7/7/2017 3:00,9.2,10.2,20,3.51
158,7/7/2017 3:15,9.2,9.8,20,3.51
159,7/7/2017 3:30,9.2,9.8,20,3.51
160,7/7/2017 3:45,8.9,9.5,20,3.51
161,7/7/2017 4:00,8.9,9.5,21,3.51
162,7/7/2017 4:15,8.9,9.2,21,3.51
163,7/7/2017 4:30,8.9,9.2,21,3.51
164,7/7/2017 4:45,8.9,8.9,21,3.51
165,7/7/2017 5:00,8.9,8.5,21,3.51
166,7/7/2017 5:15,8.9,8.5,21,3.51
167,7/7/2017 5:30,8.5,8.2,21,3.51
168,7/7/2017 5:45,8.5,8.2,21,3.51
169,7/7/2017 6:00,8.5,7.9,21,3.51
170,7/7/2017 6:15,8.5,7.9,21,3.51
171,7/7/2017 6:30,8.5,7.9,21,3.51
172,7/7/2017 6:45,8.5,7.9,21,3.51
173,7/7/2017 7:00,8.5,8.2,21,3.51
174,7/7/2017 7:15,8.5,8.2,21,3.51
175,7/7/2017 7:30,8.5,8.5,21,3.51
176,7/7/2017 7:45,8.5,8.9,21,3.51
177,7/7/2017 8:00,8.5,9.2,21,3.51
178,7/7/2017 8:15,8.9,10.5,21,3.51
179,7/7/2017 8:30,8.9,11.5,21,3.51
180,7/7/2017 8:45,8.9,12.5,21,3.51
181,7/7/2017 9:00,9.2,13.5,21,3.55
182,7/7/2017 9:15,9.2,14.5,21,3.55
183,7/7/2017 9:30,9.5,15.5,21,3.55
184,7/7/2017 9:45,9.5,16.5,21,3.55
185,7/7/2017 10:00,9.8,18.5,22,3.55
186,7/7/2017 10:15,10.2,20.2,22,3.55
187,7/7/2017 10:30,10.2,21.3,22,3.55
188,7/7/2017 10:45,10.2,21.6,22,3.55
189,7/7/2017 11:00,10.2,22,22,3.55
190,7/7/2017 11:15,10.5,23.1,22,3.55
191,7/7/2017 11:30,10.5,23.1,21,3.55
192,7/7/2017 11:45,10.5,23.1,22,3.55
193,7/7/2017 12:00,10.5,22.3,22,3.55
194,7/7/2017 12:15,10.5,21.6,21,3.55
195,7/7/2017 12:30,10.5,21.6,21,3.55
196,7/7/2017 12:45,10.5,21.3,21,3.55
197,7/7/2017 13:00,10.5,20.2,21,3.55
198,7/7/2017 13:15,10.2,19.2,21,3.55
199,7/7/2017 13:30,10.2,18.8,21,3.55
200,7/7/2017 13:45,10.2,18.5,21,3.55
201,7/7/2017 14:00,10.2,18.8,21,3.55
202,7/7/2017 14:15,10.5,18.5,21,3.55
203,7/7/2017 14:30,10.5,19.2,21,3.55
204,7/7/2017 14:45,10.5,20.2,21,3.55
205,7/7/2017 15:00,10.8,20.9,21,3.55
206,7/7/2017 15:15,10.8,20.2,21,3.55
207,7/7/2017 15:30,10.5,17.8,21,3.55
208,7/7/2017 15:45,10.5,16.5,21,3.55
209,7/7/2017 16:00,10.5,16.1,21,3.55
210,7/7/2017 16:15,10.5,15.5,21,3.55
211,7/7/2017 16:30,10.5,15.8,21,3.55
212,7/7/2017 16:45,10.5,15.8,21,3.55
213,7/7/2017 17:00,10.5,16.1,21,3.55
214,7/7/2017 17:15,10.5,16.1,21,3.55
215,7/7/2017 17:30,10.5,16.5,21,3.55
216,7/7/2017 17:45,10.5,16.1,21,3.55
217,7/7/2017 18:00,10.5,16.1,21,3.55
218,7/7/2017 18:15,10.5,16.1,21,3.55
219,7/7/2017 18:30,10.5,15.8,21,3.55
220,7/7/2017 18:45,10.5,15.8,21,3.55
221,7/7/2017 19:00,10.5,15.8,21,3.55
222,7/7/2017 19:15,10.5,15.8,21,3.55
223,7/7/2017 19:30,10.5,15.5,21,3.55
224,7/7/2017 19:45,10.5,14.8,21,3.55
225,7/7/2017 20:00,10.2,14.5,21,3.55
226,7/7/2017 20:15,10.2,13.8,21,3.55
227,7/7/2017 20:30,10.2,13.5,21,3.55
228,7/7/2017 20:45,10.2,13.1,21,3.55
229,7/7/2017 21:00,10.2,12.8,21,3.55
230,7/7/2017 21:15,9.8,12.5,21,3.55
231,7/7/2017 21:30,9.8,12.5,21,3.55
232,7/7/2017 21:45,9.8,12.5,21,3.55
233,7/7/2017 22:00,9.8,12.5,21,3.55
234,7/7/2017 22:15,9.8,12.5,21,3.55
235,7/7/2017 22:30,9.8,12.5,21,3.55
236,7/7/2017 22:45,9.8,12.5,21,3.55
237,7/7/2017 23:00,9.8,12.5,21,3.55
238,7/7/2017 23:15,9.8,12.1,21,3.55
239,7/7/2017 23:30,9.8,12.1,21,3.55
240,7/7/2017 23:45,9.8,11.8,21,3.55
241,7/8/2017 0:00,9.5,11.5,21,3.51
242,7/8/2017 0:15,9.5,11.2,21,3.51
243,7/8/2017 0:30,9.5,10.8,21,3.51
244,7/8/2017 0:45,9.5,10.5,21,3.51
245,7/8/2017 1:00,9.5,10.5,21,3.51
246,7/8/2017 1:15,9.5,10.5,21,3.51
247,7/8/2017 1:30,9.5,10.5,21,3.51
248,7/8/2017 1:45,9.5,10.2,21,3.51
249,7/8/2017 2:00,9.2,10.2,21,3.51
250,7/8/2017 2:15,9.2,10.2,21,3.51
251,7/8/2017 2:30,9.2,10.2,21,3.51
252,7/8/2017 2:45,9.2,9.8,21,3.51
253,7/8/2017 3:00,9.2,9.8,21,3.51
254,7/8/2017 3:15,9.2,9.5,21,3.51
255,7/8/2017 3:30,9.2,9.2,21,3.51
256,7/8/2017 3:45,9.2,9.2,21,3.51
257,7/8/2017 4:00,8.9,8.9,21,3.51
258,7/8/2017 4:15,8.9,8.9,21,3.51
259,7/8/2017 4:30,8.9,8.9,21,3.51
260,7/8/2017 4:45,8.9,8.9,21,3.51
261,7/8/2017 5:00,8.9,8.9,21,3.51
262,7/8/2017 5:15,8.9,8.9,21,3.51
263,7/8/2017 5:30,8.9,8.9,21,3.51
264,7/8/2017 5:45,8.9,8.9,21,3.51
265,7/8/2017 6:00,8.9,8.9,21,3.51
266,7/8/2017 6:15,8.9,8.9,21,3.51
267,7/8/2017 6:30,8.9,8.9,21,3.51
268,7/8/2017 6:45,8.9,9.2,21,3.51
269,7/8/2017 7:00,8.9,9.2,21,3.51
270,7/8/2017 7:15,8.9,9.2,21,3.51
271,7/8/2017 7:30,8.9,9.2,21,3.51
272,7/8/2017 7:45,8.9,9.5,21,3.51
273,7/8/2017 8:00,8.9,10.2,21,3.51
274,7/8/2017 8:15,8.9,10.5,21,3.51
275,7/8/2017 8:30,8.9,10.8,21,3.51
276,7/8/2017 8:45,9.2,11.5,21,3.51
277,7/8/2017 9:00,9.2,12.5,21,3.55
278,7/8/2017 9:15,9.2,13.5,21,3.55
279,7/8/2017 9:30,9.5,14.5,21,3.55
280,7/8/2017 9:45,9.5,15.5,21,3.55
281,7/8/2017 10:00,9.8,16.5,21,3.55
282,7/8/2017 10:15,9.8,17.5,21,3.55
283,7/8/2017 10:30,9.8,17.5,21,3.55
284,7/8/2017 10:45,10.2,18.2,21,3.55
285,7/8/2017 11:00,10.2,19.5,21,3.55
286,7/8/2017 11:15,10.5,22,22,3.55
287,7/8/2017 11:30,10.5,22.3,22,3.55
288,7/8/2017 11:45,10.5,21.3,21,3.55
289,7/8/2017 12:00,10.2,19.9,21,3.55
290,7/8/2017 12:15,10.2,18.5,21,3.55
291,7/8/2017 12:30,10.2,17.1,21,3.55
292,7/8/2017 12:45,10.2,16.5,21,3.55
293,7/8/2017 13:00,10.5,17.1,21,3.55
294,7/8/2017 13:15,10.8,17.8,21,3.55
295,7/8/2017 13:30,10.8,18.5,21,3.55
296,7/8/2017 13:45,11.2,19.9,21,3.55
297,7/8/2017 14:00,11.2,21.6,21,3.55
298,7/8/2017 14:15,11.5,22.3,21,3.55
299,7/8/2017 14:30,11.5,21.3,21,3.55
300,7/8/2017 14:45,11.5,22.3,21,3.55
301,7/8/2017 15:00,11.5,22,21,3.55
302,7/8/2017 15:15,11.2,20.9,21,3.55
303,7/8/2017 15:30,11.2,18.8,21,3.55
304,7/8/2017 15:45,10.8,17.1,21,3.55
305,7/8/2017 16:00,10.8,16.1,21,3.55
306,7/8/2017 16:15,10.8,16.1,21,3.55
307,7/8/2017 16:30,10.8,15.8,21,3.55
308,7/8/2017 16:45,10.8,16.1,21,3.55
309,7/8/2017 17:00,10.8,16.8,21,3.55
310,7/8/2017 17:15,10.8,16.8,21,3.55
311,7/8/2017 17:30,10.8,17.1,21,3.55
312,7/8/2017 17:45,10.8,17.1,21,3.55
313,7/8/2017 18:00,10.8,16.8,21,3.55
314,7/8/2017 18:15,10.8,16.5,21,3.55
315,7/8/2017 18:30,10.8,16.1,21,3.55
316,7/8/2017 18:45,10.8,16.1,21,3.55
317,7/8/2017 19:00,10.8,15.8,21,3.55
318,7/8/2017 19:15,10.5,15.5,21,3.55
319,7/8/2017 19:30,10.5,15.1,21,3.55
320,7/8/2017 19:45,10.5,14.8,21,3.55
321,7/8/2017 20:00,10.5,14.5,21,3.55
322,7/8/2017 20:15,10.5,14.1,21,3.55
323,7/8/2017 20:30,10.5,13.8,21,3.55
324,7/8/2017 20:45,10.2,13.5,21,3.55
325,7/8/2017 21:00,10.2,13.5,21,3.55
326,7/8/2017 21:15,10.2,13.1,21,3.55
327,7/8/2017 21:30,10.2,13.1,21,3.55
328,7/8/2017 21:45,10.2,12.8,21,3.55
329,7/8/2017 22:00,10.2,12.5,21,3.55
330,7/8/2017 22:15,9.8,12.1,21,3.55
331,7/8/2017 22:30,9.8,12.1,21,3.55
332,7/8/2017 22:45,9.8,11.8,21,3.55
333,7/8/2017 23:00,9.8,11.5,21,3.55
334,7/8/2017 23:15,9.8,11.2,21,3.51
335,7/8/2017 23:30,9.8,10.8,21,3.51
336,7/8/2017 23:45,9.5,10.8,21,3.51
337,7/9/2017 0:00,9.5,10.5,21,3.51
338,7/9/2017 0:15,9.5,10.2,21,3.51
339,7/9/2017 0:30,9.5,10.2,21,3.51
340,7/9/2017 0:45,9.5,9.8,21,3.51
341,7/9/2017 1:00,9.5,9.8,21,3.51
342,7/9/2017 1:15,9.2,9.5,21,3.51
343,7/9/2017 1:30,9.2,9.5,21,3.51
344,7/9/2017 1:45,9.2,9.2,21,3.51
345,7/9/2017 2:00,9.2,9.2,21,3.51
346,7/9/2017 2:15,9.2,8.9,21,3.51
347,7/9/2017 2:30,9.2,8.9,21,3.51
348,7/9/2017 2:45,9.2,8.9,21,3.51
349,7/9/2017 3:00,8.9,8.5,21,3.51
350,7/9/2017 3:15,8.9,8.5,21,3.51
351,7/9/2017 3:30,8.9,8.5,21,3.51
352,7/9/2017 3:45,8.9,8.2,21,3.51
353,7/9/2017 4:00,8.9,8.2,21,3.51
354,7/9/2017 4:15,8.9,8.2,21,3.51
355,7/9/2017 4:30,8.9,8.2,21,3.51
356,7/9/2017 4:45,8.9,7.9,21,3.51
357,7/9/2017 5:00,8.9,7.9,21,3.51
358,7/9/2017 5:15,8.5,7.9,21,3.51
359,7/9/2017 5:30,8.5,7.9,21,3.51
360,7/9/2017 5:45,8.5,7.5,21,3.51
361,7/9/2017 6:00,8.5,7.5,21,3.51
362,7/9/2017 6:15,8.5,7.5,21,3.51
363,7/9/2017 6:30,8.5,7.5,21,3.51
364,7/9/2017 6:45,8.5,7.5,21,3.51
365,7/9/2017 7:00,8.5,7.9,21,3.51
366,7/9/2017 7:15,8.5,7.9,21,3.51
367,7/9/2017 7:30,8.5,7.9,21,3.51
368,7/9/2017 7:45,8.5,8.2,21,3.51
369,7/9/2017 8:00,8.5,8.9,21,3.51
370,7/9/2017 8:15,8.9,9.8,21,3.51
371,7/9/2017 8:30,8.9,11.2,21,3.51
372,7/9/2017 8:45,9.2,11.8,21,3.51
373,7/9/2017 9:00,9.2,12.5,21,3.55
374,7/9/2017 9:15,9.2,13.5,21,3.55
375,7/9/2017 9:30,9.5,14.5,21,3.55
376,7/9/2017 9:45,9.5,15.5,21,3.55
377,7/9/2017 10:00,9.8,16.8,21,3.55
378,7/9/2017 10:15,9.8,18.5,21,3.55
379,7/9/2017 10:30,10.2,20.2,22,3.55
380,7/9/2017 10:45,10.5,22,21,3.55
381,7/9/2017 11:00,10.8,23.8,22,3.55
382,7/9/2017 11:15,10.8,25.6,22,3.59
383,7/9/2017 11:30,11.2,26.4,22,3.59
384,7/9/2017 11:45,11.2,26,22,3.59
385,7/9/2017 12:00,11.2,25.3,22,3.59
386,7/9/2017 12:15,10.8,24.5,21,3.55
387,7/9/2017 12:30,11.2,23.8,21,3.55
388,7/9/2017 12:45,11.2,23.8,21,3.55
389,7/9/2017 13:00,11.2,23.8,21,3.55
390,7/9/2017 13:15,10.8,22.7,21,3.55
391,7/9/2017 13:30,10.8,21.6,20,3.55
392,7/9/2017 13:45,10.8,20.6,20,3.55
393,7/9/2017 14:00,10.8,20.2,19,3.55
394,7/9/2017 14:15,10.8,20.2,18,3.55
395,7/9/2017 14:30,10.8,20.2,18,3.55
396,7/9/2017 14:45,10.8,20.2,18,3.55
397,7/9/2017 15:00,10.8,20.2,17,3.55
398,7/9/2017 15:15,10.8,20.2,17,3.55
399,7/9/2017 15:30,10.8,20.6,17,3.55
400,7/9/2017 15:45,10.8,20.6,18,3.55
401,7/9/2017 16:00,10.8,20.9,18,3.55
402,7/9/2017 16:15,10.8,21.3,18,3.55
403,7/9/2017 16:30,10.8,20.9,18,3.55
404,7/9/2017 16:45,10.8,19.9,18,3.55
405,7/9/2017 17:00,10.8,19.9,18,3.55
406,7/9/2017 17:15,10.8,20.2,18,3.55
407,7/9/2017 17:30,10.8,20.2,18,3.55
408,7/9/2017 17:45,10.8,19.5,18,3.55
409,7/9/2017 18:00,10.8,19.5,18,3.55
410,7/9/2017 18:15,10.8,19.2,19,3.55
411,7/9/2017 18:30,10.8,19.2,19,3.55
412,7/9/2017 18:45,10.8,19.2,19,3.55
413,7/9/2017 19:00,10.8,19.2,19,3.55
414,7/9/2017 19:15,10.8,18.5,19,3.55
415,7/9/2017 19:30,10.5,17.5,19,3.55
416,7/9/2017 19:45,10.5,16.8,19,3.55
417,7/9/2017 20:00,10.5,16.5,19,3.55
418,7/9/2017 20:15,10.5,15.8,19,3.55
419,7/9/2017 20:30,10.5,15.5,19,3.55
420,7/9/2017 20:45,10.5,15.1,19,3.55
421,7/9/2017 21:00,10.2,14.8,19,3.55
422,7/9/2017 21:15,10.2,14.5,19,3.55
423,7/9/2017 21:30,10.2,14.1,19,3.55
424,7/9/2017 21:45,10.2,14.1,19,3.55
425,7/9/2017 22:00,10.2,13.8,20,3.55
426,7/9/2017 22:15,10.2,13.5,19,3.55
427,7/9/2017 22:30,10.2,13.1,19,3.55
428,7/9/2017 22:45,9.8,13.1,19,3.55
429,7/9/2017 23:00,9.8,13.1,19,3.55
430,7/9/2017 23:15,9.8,13.1,19,3.55
431,7/9/2017 23:30,9.8,12.8,19,3.55
432,7/9/2017 23:45,9.8,12.5,20,3.55
433,7/10/2017 0:00,9.8,12.5,20,3.55
434,7/10/2017 0:15,9.8,12.1,20,3.55
435,7/10/2017 0:30,9.8,12.1,20,3.55
436,7/10/2017 0:45,9.8,12.5,20,3.55
437,7/10/2017 1:00,9.8,12.5,20,3.55
438,7/10/2017 1:15,9.8,12.5,20,3.55
439,7/10/2017 1:30,9.8,12.5,20,3.55
440,7/10/2017 1:45,9.5,12.5,20,3.55
441,7/10/2017 2:00,9.5,12.5,20,3.55
442,7/10/2017 2:15,9.5,12.5,20,3.55
443,7/10/2017 2:30,9.5,12.5,20,3.55
444,7/10/2017 2:45,9.5,12.1,20,3.55
445,7/10/2017 3:00,9.5,12.1,21,3.55
446,7/10/2017 3:15,9.5,11.8,20,3.55
447,7/10/2017 3:30,9.5,11.8,20,3.55
448,7/10/2017 3:45,9.5,11.8,20,3.55
449,7/10/2017 4:00,9.5,11.8,21,3.55
450,7/10/2017 4:15,9.5,11.8,21,3.55
451,7/10/2017 4:30,9.5,11.8,21,3.55
452,7/10/2017 4:45,9.5,11.8,21,3.55
453,7/10/2017 5:00,9.5,11.8,21,3.51
454,7/10/2017 5:15,9.5,11.5,21,3.51
455,7/10/2017 5:30,9.5,11.2,21,3.51
456,7/10/2017 5:45,9.5,10.5,21,3.51
457,7/10/2017 6:00,9.2,10.5,21,3.51
458,7/10/2017 6:15,9.2,10.2,21,3.51
459,7/10/2017 6:30,9.2,10.2,21,3.51
460,7/10/2017 6:45,9.2,9.8,21,3.51
461,7/10/2017 7:00,9.2,10.2,21,3.51
462,7/10/2017 7:15,9.2,10.2,21,3.51
463,7/10/2017 7:30,9.2,10.5,21,3.51
464,7/10/2017 7:45,9.2,10.8,21,3.51
465,7/10/2017 8:00,9.5,11.2,21,3.51
466,7/10/2017 8:15,9.5,12.1,21,3.51
467,7/10/2017 8:30,9.5,12.8,21,3.55
468,7/10/2017 8:45,9.5,13.8,21,3.55
469,7/10/2017 9:00,9.8,15.1,21,3.55
470,7/10/2017 9:15,9.8,16.8,21,3.55
471,7/10/2017 9:30,10.2,18.2,21,3.55
472,7/10/2017 9:45,10.2,18.8,21,3.55
473,7/10/2017 10:00,10.2,19.9,21,3.55
474,7/10/2017 10:15,10.5,20.6,21,3.55
475,7/10/2017 10:30,10.5,20.9,21,3.55
476,7/10/2017 10:45,10.5,20.6,21,3.55
477,7/10/2017 11:00,10.5,19.5,20,3.55
478,7/10/2017 11:15,10.5,18.8,20,3.55
479,7/10/2017 11:30,10.5,18.5,20,3.55
480,7/10/2017 11:45,10.5,18.8,20,3.55
481,7/10/2017 12:00,10.8,20.6,20,3.55
482,7/10/2017 12:15,11.2,22.3,20,3.55
483,7/10/2017 12:30,11.2,23.1,20,3.55
484,7/10/2017 12:45,11.2,24.2,20,3.55
485,7/10/2017 13:00,11.5,24.9,20,3.55
486,7/10/2017 13:15,11.5,24.9,20,3.59
487,7/10/2017 13:30,11.5,24.9,19,3.59
488,7/10/2017 13:45,11.5,24.9,19,3.59
489,7/10/2017 14:00,11.5,24.9,19,3.59
490,7/10/2017 14:15,11.5,24.9,19,3.59
491,7/10/2017 14:30,11.5,24.9,19,3.59
492,7/10/2017 14:45,11.5,25.3,19,3.59
493,7/10/2017 15:00,11.5,25.3,19,3.59
494,7/10/2017 15:15,11.5,25.3,18,3.59
495,7/10/2017 15:30,11.5,24.5,18,3.55
496,7/10/2017 15:45,11.2,23.4,18,3.55
497,7/10/2017 16:00,11.2,21.3,18,3.55
498,7/10/2017 16:15,11.2,19.5,18,3.55
499,7/10/2017 16:30,11.2,19.2,18,3.55
500,7/10/2017 16:45,11.2,19.2,18,3.55
501,7/10/2017 17:00,11.2,18.8,18,3.55
502,7/10/2017 17:15,11.2,19.2,18,3.55
503,7/10/2017 17:30,11.2,19.5,18,3.55
504,7/10/2017 17:45,11.2,19.5,18,3.55
505,7/10/2017 18:00,11.2,19.2,18,3.55
506,7/10/2017 18:15,11.2,18.8,18,3.55
507,7/10/2017 18:30,10.8,18.8,18,3.55
508,7/10/2017 18:45,10.8,18.5,18,3.55
509,7/10/2017 19:00,10.8,18.2,18,3.55
510,7/10/2017 19:15,10.8,17.5,19,3.55
511,7/10/2017 19:30,10.8,16.1,20,3.55
512,7/10/2017 19:45,10.8,15.8,20,3.55
513,7/10/2017 20:00,10.8,15.5,20,3.55
514,7/10/2017 20:15,10.8,15.1,21,3.55
515,7/10/2017 20:30,10.8,14.5,21,3.55
516,7/10/2017 20:45,10.8,13.8,21,3.55
517,7/10/2017 21:00,10.8,13.5,21,3.55
518,7/10/2017 21:15,10.8,13.5,21,3.55
519,7/10/2017 21:30,10.8,13.5,21,3.55
520,7/10/2017 21:45,10.5,13.1,23,3.55
521,7/10/2017 22:00,10.5,12.8,24,3.55
522,7/10/2017 22:15,10.5,12.8,24,3.55
523,7/10/2017 22:30,10.5,12.8,25,3.55
524,7/10/2017 22:45,10.5,12.8,25,3.55
525,7/10/2017 23:00,10.5,12.8,25,3.55
526,7/10/2017 23:15,10.5,12.8,25,3.55
527,7/10/2017 23:30,10.5,12.8,24,3.55
528,7/10/2017 23:45,10.5,12.5,24,3.55
529,7/11/2017 0:00,10.5,12.5,23,3.55
530,7/11/2017 0:15,10.2,12.1,23,3.55
531,7/11/2017 0:30,10.2,12.1,23,3.55
532,7/11/2017 0:45,10.2,11.8,23,3.51
533,7/11/2017 1:00,10.2,11.8,22,3.51
534,7/11/2017 1:15,10.2,11.8,22,3.51
535,7/11/2017 1:30,10.2,11.8,22,3.51
536,7/11/2017 1:45,10.2,11.8,22,3.51
537,7/11/2017 2:00,10.2,11.8,22,3.51
538,7/11/2017 2:15,10.2,11.8,22,3.51
539,7/11/2017 2:30,10.2,11.8,22,3.51
540,7/11/2017 2:45,10.2,11.8,22,3.51
541,7/11/2017 3:00,10.2,11.8,22,3.51
542,7/11/2017 3:15,10.2,11.8,22,3.55
543,7/11/2017 3:30,10.2,11.8,22,3.55
544,7/11/2017 3:45,10.2,12.1,22,3.51
545,7/11/2017 4:00,10.2,12.1,22,3.51
546,7/11/2017 4:15,10.2,12.1,22,3.55
547,7/11/2017 4:30,10.2,12.5,22,3.55
548,7/11/2017 4:45,10.2,12.1,22,3.55
549,7/11/2017 5:00,10.2,12.1,22,3.55
550,7/11/2017 5:15,10.2,11.8,22,3.51
551,7/11/2017 5:30,9.8,11.8,22,3.51
552,7/11/2017 5:45,9.8,11.5,22,3.51
553,7/11/2017 6:00,9.8,11.8,22,3.51
554,7/11/2017 6:15,9.8,11.5,22,3.51
555,7/11/2017 6:30,9.8,11.2,22,3.51
556,7/11/2017 6:45,9.8,11.2,22,3.51
557,7/11/2017 7:00,9.8,11.2,22,3.51
558,7/11/2017 7:15,9.8,11.2,22,3.51
559,7/11/2017 7:30,9.8,11.2,22,3.51
560,7/11/2017 7:45,9.8,11.5,22,3.51
561,7/11/2017 8:00,9.8,12.1,22,3.51
562,7/11/2017 8:15,9.8,12.8,22,3.55
563,7/11/2017 8:30,10.2,13.8,22,3.55
564,7/11/2017 8:45,10.2,14.8,22,3.55
565,7/11/2017 9:00,10.5,15.8,22,3.55
566,7/11/2017 9:15,10.5,17.1,22,3.55
567,7/11/2017 9:30,10.5,17.8,22,3.55
568,7/11/2017 9:45,10.5,18.2,22,3.55
569,7/11/2017 10:00,10.8,18.8,22,3.55
570,7/11/2017 10:15,10.8,19.5,22,3.55
571,7/11/2017 10:30,10.8,20.2,22,3.55
572,7/11/2017 10:45,11.2,20.6,22,3.55
573,7/11/2017 11:00,11.5,21.3,22,3.55
574,7/11/2017 11:15,11.5,22.7,22,3.55
575,7/11/2017 11:30,11.5,24.2,22,3.55
576,7/11/2017 11:45,11.8,24.5,22,3.55
577,7/11/2017 12:00,11.8,24.2,22,3.55
578,7/11/2017 12:15,11.8,24.2,21,3.55
579,7/11/2017 12:30,12.1,24.2,21,3.55
580,7/11/2017 12:45,11.8,23.8,21,3.55
581,7/11/2017 13:00,11.8,23.8,21,3.55
582,7/11/2017 13:15,11.8,23.8,21,3.55
583,7/11/2017 13:30,11.8,23.8,20,3.55
584,7/11/2017 13:45,12.1,24.2,20,3.55
585,7/11/2017 14:00,12.1,24.2,20,3.55
586,7/11/2017 14:15,12.1,24.2,20,3.55
587,7/11/2017 14:30,11.8,23.4,19,3.55
588,7/11/2017 14:45,11.8,22.3,19,3.55
589,7/11/2017 15:00,11.5,21.6,19,3.55
590,7/11/2017 15:15,11.5,21.6,19,3.55
591,7/11/2017 15:30,11.5,21.3,19,3.55
592,7/11/2017 15:45,11.5,21.6,19,3.55
593,7/11/2017 16:00,11.5,21.3,19,3.55
594,7/11/2017 16:15,11.5,20.9,19,3.55
595,7/11/2017 16:30,11.5,20.9,19,3.55
596,7/11/2017 16:45,11.5,20.6,19,3.55
597,7/11/2017 17:00,11.5,20.2,19,3.55
598,7/11/2017 17:15,11.5,20.2,19,3.55
599,7/11/2017 17:30,11.5,20.2,19,3.55
600,7/11/2017 17:45,11.5,20.2,19,3.55
601,7/11/2017 18:00,11.2,20.2,19,3.55
602,7/11/2017 18:15,11.2,19.9,19,3.55
603,7/11/2017 18:30,11.2,19.5,19,3.55
604,7/11/2017 18:45,11.2,19.2,19,3.55
605,7/11/2017 19:00,11.2,18.2,19,3.55
606,7/11/2017 19:15,11.2,16.1,20,3.55
607,7/11/2017 19:30,10.8,14.8,20,3.55
608,7/11/2017 19:45,10.8,14.1,20,3.55
609,7/11/2017 20:00,10.8,13.8,20,3.55
610,7/11/2017 20:15,10.8,13.8,20,3.55
611,7/11/2017 20:30,10.8,13.8,20,3.55
612,7/11/2017 20:45,10.8,13.5,20,3.55
613,7/11/2017 21:00,10.8,13.1,21,3.55
614,7/11/2017 21:15,10.5,13.1,21,3.55
615,7/11/2017 21:30,10.5,12.8,21,3.55
616,7/11/2017 21:45,10.5,12.8,21,3.55
617,7/11/2017 22:00,10.5,12.8,21,3.55
618,7/11/2017 22:15,10.5,12.8,21,3.55
619,7/11/2017 22:30,10.5,12.8,21,3.55
620,7/11/2017 22:45,10.5,12.8,21,3.55
621,7/11/2017 23:00,10.5,12.8,21,3.55
622,7/11/2017 23:15,10.5,13.1,21,3.55
623,7/11/2017 23:30,10.5,13.1,21,3.55
624,7/11/2017 23:45,10.5,12.8,21,3.55
625,7/12/2017 0:00,10.5,12.8,21,3.55
626,7/12/2017 0:15,10.5,12.8,21,3.55
627,7/12/2017 0:30,10.5,12.8,21,3.55
628,7/12/2017 0:45,10.5,12.8,21,3.55
629,7/12/2017 1:00,10.5,12.8,21,3.55
630,7/12/2017 1:15,10.5,13.1,21,3.55
631,7/12/2017 1:30,10.5,13.1,21,3.55
632,7/12/2017 1:45,10.5,12.8,21,3.55
633,7/12/2017 2:00,10.2,12.8,21,3.55
634,7/12/2017 2:15,10.2,12.8,21,3.55
635,7/12/2017 2:30,10.2,12.5,21,3.55
636,7/12/2017 2:45,10.2,12.5,21,3.55
637,7/12/2017 3:00,10.2,12.5,22,3.55
638,7/12/2017 3:15,10.2,12.8,22,3.55
639,7/12/2017 3:30,10.2,13.1,21,3.55
640,7/12/2017 3:45,10.2,13.5,21,3.55
641,7/12/2017 4:00,10.2,13.1,22,3.55
642,7/12/2017 4:15,10.2,13.1,22,3.55
643,7/12/2017 4:30,10.2,13.1,21,3.55
644,7/12/2017 4:45,10.2,12.8,22,3.55
645,7/12/2017 5:00,10.2,12.8,22,3.55
646,7/12/2017 5:15,10.2,12.8,22,3.55
647,7/12/2017 5:30,10.2,12.8,22,3.55
648,7/12/2017 5:45,10.2,12.8,22,3.55
649,7/12/2017 6:00,10.2,12.8,22,3.55
650,7/12/2017 6:15,10.2,13.1,22,3.55
651,7/12/2017 6:30,10.2,13.1,22,3.55
652,7/12/2017 6:45,10.2,13.1,22,3.55
653,7/12/2017 7:00,10.2,13.5,22,3.55
654,7/12/2017 7:15,10.2,13.5,22,3.55
655,7/12/2017 7:30,10.2,13.5,22,3.55
656,7/12/2017 7:45,10.2,13.5,22,3.55
657,7/12/2017 8:00,10.2,13.5,22,3.55
658,7/12/2017 8:15,10.2,13.5,22,3.55
659,7/12/2017 8:30,10.2,13.5,22,3.55
660,7/12/2017 8:45,10.2,13.5,22,3.55
661,7/12/2017 9:00,10.2,13.8,22,3.55
662,7/12/2017 9:15,10.2,13.8,22,3.55
663,7/12/2017 9:30,10.2,14.1,22,3.55
664,7/12/2017 9:45,10.2,14.5,22,3.55
665,7/12/2017 10:00,10.5,14.8,22,3.55
666,7/12/2017 10:15,10.5,15.5,22,3.55
667,7/12/2017 10:30,10.5,15.8,22,3.55
668,7/12/2017 10:45,10.5,16.1,22,3.55
669,7/12/2017 11:00,10.5,16.1,22,3.55
670,7/12/2017 11:15,10.5,16.5,22,3.55
671,7/12/2017 11:30,10.5,16.5,22,3.55
672,7/12/2017 11:45,10.5,16.5,22,3.55
673,7/12/2017 12:00,10.5,16.5,22,3.55
674,7/12/2017 12:15,10.5,16.5,22,3.55
675,7/12/2017 12:30,10.5,16.5,22,3.55
676,7/12/2017 12:45,10.5,16.8,22,3.55
677,7/12/2017 13:00,10.5,17.1,21,3.55
678,7/12/2017 13:15,10.5,17.1,21,3.55
679,7/12/2017 13:30,10.8,17.5,21,3.55
680,7/12/2017 13:45,10.8,17.8,21,3.55
681,7/12/2017 14:00,10.8,17.8,21,3.55
682,7/12/2017 14:15,10.8,18.2,21,3.55
683,7/12/2017 14:30,10.8,18.5,21,3.55
684,7/12/2017 14:45,10.8,18.2,21,3.55
685,7/12/2017 15:00,10.8,17.8,21,3.55
686,7/12/2017 15:15,10.8,17.8,21,3.55
687,7/12/2017 15:30,10.8,17.8,21,3.55
688,7/12/2017 15:45,10.8,17.8,21,3.55
689,7/12/2017 16:00,10.8,17.8,21,3.55
690,7/12/2017 16:15,10.8,17.8,21,3.55
691,7/12/2017 16:30,10.8,17.8,21,3.55
692,7/12/2017 16:45,10.8,17.8,21,3.55
693,7/12/2017 17:00,10.8,17.5,21,3.55
694,7/12/2017 17:15,10.8,17.1,21,3.55
695,7/12/2017 17:30,10.8,16.8,21,3.55
696,7/12/2017 17:45,10.8,16.5,21,3.55
697,7/12/2017 18:00,10.5,16.5,21,3.55
698,7/12/2017 18:15,10.5,16.1,21,3.55
699,7/12/2017 18:30,10.5,16.1,21,3.55
700,7/12/2017 18:45,10.5,15.8,21,3.55
701,7/12/2017 19:00,10.5,15.5,21,3.55
702,7/12/2017 19:15,10.5,15.5,21,3.55
703,7/12/2017 19:30,10.5,15.5,21,3.55
704,7/12/2017 19:45,10.5,15.1,21,3.55
705,7/12/2017 20:00,10.5,15.1,21,3.55
706,7/12/2017 20:15,10.5,14.8,21,3.55
707,7/12/2017 20:30,10.5,14.8,21,3.55
708,7/12/2017 20:45,10.5,14.5,21,3.55
709,7/12/2017 21:00,10.5,14.1,21,3.55
710,7/12/2017 21:15,10.5,13.8,21,3.55
711,7/12/2017 21:30,10.5,13.8,21,3.55
712,7/12/2017 21:45,10.2,13.5,21,3.55
713,7/12/2017 22:00,10.2,13.1,21,3.55
714,7/12/2017 22:15,10.2,13.1,21,3.55
715,7/12/2017 22:30,10.2,12.8,21,3.55
716,7/12/2017 22:45,10.2,12.8,21,3.55
717,7/12/2017 23:00,10.2,12.5,21,3.55
718,7/12/2017 23:15,10.2,12.5,21,3.55
719,7/12/2017 23:30,10.2,12.1,21,3.55
720,7/12/2017 23:45,10.2,12.1,21,3.55
721,7/13/2017 0:00,10.2,12.1,21,3.55
722,7/13/2017 0:15,10.2,12.1,21,3.55
723,7/13/2017 0:30,10.2,11.8,21,3.55
724,7/13/2017 0:45,10.2,11.8,21,3.55
725,7/13/2017 1:00,9.8,11.8,21,3.55
726,7/13/2017 1:15,9.8,11.8,21,3.55
727,7/13/2017 1:30,9.8,11.5,22,3.55
728,7/13/2017 1:45,9.8,11.2,22,3.51
729,7/13/2017 2:00,9.8,10.8,21,3.51
730,7/13/2017 2:15,9.8,10.5,21,3.51
731,7/13/2017 2:30,9.8,10.5,22,3.51
732,7/13/2017 2:45,9.8,10.2,22,3.51
733,7/13/2017 3:00,9.8,9.8,22,3.51
734,7/13/2017 3:15,9.5,9.8,22,3.51
735,7/13/2017 3:30,9.5,9.5,22,3.51
736,7/13/2017 3:45,9.5,9.2,22,3.51
737,7/13/2017 4:00,9.5,9.2,22,3.51
738,7/13/2017 4:15,9.5,8.9,22,3.51
739,7/13/2017 4:30,9.5,8.5,22,3.51
740,7/13/2017 4:45,9.5,8.5,22,3.51
741,7/13/2017 5:00,9.2,8.2,22,3.51
742,7/13/2017 5:15,9.2,8.2,22,3.51
743,7/13/2017 5:30,9.2,7.9,22,3.51
744,7/13/2017 5:45,9.2,7.9,22,3.51
745,7/13/2017 6:00,9.2,7.9,22,3.51
746,7/13/2017 6:15,9.2,7.9,22,3.51
747,7/13/2017 6:30,9.2,7.9,22,3.51
748,7/13/2017 6:45,9.2,7.9,22,3.51
749,7/13/2017 7:00,9.2,7.9,21,3.51
750,7/13/2017 7:15,9.2,7.9,21,3.51
751,7/13/2017 7:30,9.2,7.9,21,3.51
752,7/13/2017 7:45,9.2,8.2,21,3.51
753,7/13/2017 8:00,9.2,8.5,21,3.51
754,7/13/2017 8:15,9.2,9.5,21,3.51
755,7/13/2017 8:30,9.5,10.5,21,3.51
756,7/13/2017 8:45,9.5,11.5,21,3.51
757,7/13/2017 9:00,9.5,12.1,21,3.51
758,7/13/2017 9:15,9.8,12.8,22,3.55
759,7/13/2017 9:30,9.8,13.5,22,3.55
760,7/13/2017 9:45,9.8,14.5,22,3.55
761,7/13/2017 10:00,10.2,16.1,22,3.55
762,7/13/2017 10:15,10.2,17.8,22,3.55
763,7/13/2017 10:30,10.5,19.2,22,3.55
764,7/13/2017 10:45,10.5,20.6,22,3.55
765,7/13/2017 11:00,10.8,21.6,22,3.55
766,7/13/2017 11:15,11.2,23.1,21,3.55
767,7/13/2017 11:30,11.2,23.8,21,3.55
768,7/13/2017 11:45,11.2,24.2,21,3.55
769,7/13/2017 12:00,11.2,23.8,21,3.55
770,7/13/2017 12:15,11.5,23.8,21,3.55
771,7/13/2017 12:30,11.5,23.8,21,3.55
772,7/13/2017 12:45,11.5,23.8,20,3.55
773,7/13/2017 13:00,11.8,23.8,20,3.55
774,7/13/2017 13:15,11.8,24.2,20,3.59
775,7/13/2017 13:30,11.8,24.5,20,3.59
776,7/13/2017 13:45,11.8,24.5,19,3.59
777,7/13/2017 14:00,11.8,24.5,19,3.59
778,7/13/2017 14:15,12.1,24.9,19,3.59
779,7/13/2017 14:30,12.1,25.3,18,3.59
780,7/13/2017 14:45,12.1,25.6,18,3.59
781,7/13/2017 15:00,12.1,26,18,3.59
782,7/13/2017 15:15,11.8,25.6,18,3.59
783,7/13/2017 15:30,11.8,25.6,17,3.59
784,7/13/2017 15:45,11.8,25.3,17,3.59
785,7/13/2017 16:00,11.8,24.5,17,3.59
786,7/13/2017 16:15,11.5,24.2,17,3.59
787,7/13/2017 16:30,11.5,23.4,17,3.55
788,7/13/2017 16:45,11.5,23.1,17,3.55
789,7/13/2017 17:00,11.5,22.7,17,3.55
790,7/13/2017 17:15,11.5,22.3,16,3.55
791,7/13/2017 17:30,11.2,22,17,3.55
792,7/13/2017 17:45,11.2,21.6,17,3.55
793,7/13/2017 18:00,11.2,21.3,17,3.55
794,7/13/2017 18:15,11.2,20.9,17,3.55
795,7/13/2017 18:30,11.2,20.6,17,3.55
796,7/13/2017 18:45,11.2,20.2,17,3.55
797,7/13/2017 19:00,10.8,19.5,17,3.55
798,7/13/2017 19:15,10.8,19.2,17,3.55
799,7/13/2017 19:30,10.8,18.8,17,3.55
800,7/13/2017 19:45,10.8,18.5,17,3.55
801,7/13/2017 20:00,10.8,18.5,17,3.55
802,7/13/2017 20:15,10.8,18.2,17,3.55
803,7/13/2017 20:30,10.8,17.5,17,3.55
804,7/13/2017 20:45,10.8,16.8,17,3.55
805,7/13/2017 21:00,10.5,16.1,17,3.55
806,7/13/2017 21:15,10.5,15.5,17,3.55
807,7/13/2017 21:30,10.5,15.1,17,3.55
808,7/13/2017 21:45,10.5,14.5,17,3.55
809,7/13/2017 22:00,10.5,14.5,17,3.55
810,7/13/2017 22:15,10.5,14.1,17,3.55
811,7/13/2017 22:30,10.5,14.1,17,3.55
812,7/13/2017 22:45,10.5,13.8,17,3.55
813,7/13/2017 23:00,10.5,13.5,17,3.55
814,7/13/2017 23:15,10.2,13.1,17,3.55
815,7/13/2017 23:30,10.2,12.8,17,3.55
816,7/13/2017 23:45,10.2,12.5,17,3.55
817,7/14/2017 0:00,10.2,12.1,17,3.55
818,7/14/2017 0:15,10.2,11.8,17,3.55
819,7/14/2017 0:30,10.2,11.8,17,3.55
820,7/14/2017 0:45,10.2,11.2,17,3.55
821,7/14/2017 1:00,9.8,10.8,18,3.55
822,7/14/2017 1:15,9.8,10.8,17,3.55
823,7/14/2017 1:30,9.8,10.5,18,3.55
824,7/14/2017 1:45,9.8,10.5,18,3.51
825,7/14/2017 2:00,9.8,10.2,18,3.51
826,7/14/2017 2:15,9.8,10.2,18,3.51
827,7/14/2017 2:30,9.8,10.2,18,3.51
828,7/14/2017 2:45,9.8,9.8,18,3.51
829,7/14/2017 3:00,9.5,9.8,18,3.51
830,7/14/2017 3:15,9.5,9.8,18,3.51
831,7/14/2017 3:30,9.5,9.5,18,3.51
832,7/14/2017 3:45,9.5,9.2,18,3.51
833,7/14/2017 4:00,9.5,9.2,18,3.51
834,7/14/2017 4:15,9.5,8.9,18,3.51
835,7/14/2017 4:30,9.5,8.5,18,3.51
836,7/14/2017 4:45,9.2,8.2,18,3.51
837,7/14/2017 5:00,9.2,8.2,18,3.51
838,7/14/2017 5:15,9.2,8.2,18,3.51
839,7/14/2017 5:30,9.2,7.9,18,3.51
840,7/14/2017 5:45,9.2,7.9,18,3.51
841,7/14/2017 6:00,9.2,7.5,18,3.51
842,7/14/2017 6:15,9.2,7.5,18,3.51
843,7/14/2017 6:30,9.2,7.2,18,3.51
844,7/14/2017 6:45,8.9,7.2,18,3.51
845,7/14/2017 7:00,8.9,7.2,18,3.51
846,7/14/2017 7:15,8.9,7.2,18,3.51
847,7/14/2017 7:30,8.9,7.2,18,3.51
848,7/14/2017 7:45,8.9,7.5,18,3.51
849,7/14/2017 8:00,9.2,7.9,18,3.51
850,7/14/2017 8:15,9.2,8.9,18,3.51
851,7/14/2017 8:30,9.2,9.8,18,3.51
852,7/14/2017 8:45,9.5,10.8,19,3.51
853,7/14/2017 9:00,9.5,11.5,19,3.51
854,7/14/2017 9:15,9.5,12.5,19,3.55
855,7/14/2017 9:30,9.8,13.8,19,3.55
856,7/14/2017 9:45,9.8,15.8,19,3.55
857,7/14/2017 10:00,10.2,17.8,19,3.55
858,7/14/2017 10:15,10.2,19.2,18,3.55
859,7/14/2017 10:30,10.5,19.9,18,3.55
860,7/14/2017 10:45,10.5,20.6,18,3.55
861,7/14/2017 11:00,10.8,21.6,18,3.55
862,7/14/2017 11:15,11.2,23.1,18,3.55
863,7/14/2017 11:30,11.2,23.8,18,3.55
864,7/14/2017 11:45,10.8,23.4,18,3.55
865,7/14/2017 12:00,11.2,22.7,18,3.55
866,7/14/2017 12:15,11.2,23.1,18,3.55
867,7/14/2017 12:30,11.2,23.4,18,3.55
868,7/14/2017 12:45,11.5,23.8,18,3.55
869,7/14/2017 13:00,11.5,23.8,18,3.55
870,7/14/2017 13:15,11.5,23.4,18,3.55
871,7/14/2017 13:30,11.5,23.1,18,3.55
872,7/14/2017 13:45,11.5,23.8,18,3.55
873,7/14/2017 14:00,11.5,23.4,17,3.55
874,7/14/2017 14:15,11.5,23.8,17,3.59
875,7/14/2017 14:30,11.5,24.5,17,3.59
876,7/14/2017 14:45,11.5,24.5,17,3.59
877,7/14/2017 15:00,11.5,24.9,17,3.59
878,7/14/2017 15:15,11.5,25.6,17,3.59
879,7/14/2017 15:30,11.5,26,17,3.59
880,7/14/2017 15:45,11.5,26,16,3.59
881,7/14/2017 16:00,11.5,25.3,16,3.59
882,7/14/2017 16:15,11.5,24.5,16,3.59
883,7/14/2017 16:30,11.5,24.2,16,3.59
884,7/14/2017 16:45,11.5,23.8,16,3.59
885,7/14/2017 17:00,11.2,23.4,15,3.59
886,7/14/2017 17:15,11.2,23.1,15,3.55
887,7/14/2017 17:30,11.2,22.7,16,3.55
888,7/14/2017 17:45,11.2,22.3,16,3.55
889,7/14/2017 18:00,11.2,22,15,3.55
890,7/14/2017 18:15,10.8,21.3,16,3.55
891,7/14/2017 18:30,10.8,21.3,16,3.55
892,7/14/2017 18:45,10.8,20.9,16,3.55
893,7/14/2017 19:00,10.8,20.2,16,3.55
894,7/14/2017 19:15,10.8,19.2,15,3.55
895,7/14/2017 19:30,10.5,18.5,16,3.55
896,7/14/2017 19:45,10.5,18.2,16,3.55
897,7/14/2017 20:00,10.5,18.2,16,3.55
898,7/14/2017 20:15,10.5,17.8,16,3.55
899,7/14/2017 20:30,10.5,17.5,16,3.55
900,7/14/2017 20:45,10.5,17.1,16,3.55
901,7/14/2017 21:00,10.5,16.8,16,3.55
902,7/14/2017 21:15,10.5,16.5,16,3.55
903,7/14/2017 21:30,10.5,16.1,16,3.55
904,7/14/2017 21:45,10.5,16.1,16,3.55
905,7/14/2017 22:00,10.5,15.8,16,3.55
906,7/14/2017 22:15,10.5,15.5,16,3.55
907,7/14/2017 22:30,10.5,15.5,16,3.55
908,7/14/2017 22:45,10.5,15.1,16,3.55
909,7/14/2017 23:00,10.5,15.1,16,3.55
910,7/14/2017 23:15,10.5,14.8,16,3.55
911,7/14/2017 23:30,10.5,14.5,16,3.55
912,7/14/2017 23:45,10.5,14.5,16,3.55
913,7/15/2017 0:00,10.2,14.1,16,3.55
914,7/15/2017 0:15,10.2,13.8,16,3.55
915,7/15/2017 0:30,10.2,13.5,16,3.55
916,7/15/2017 0:45,10.2,13.5,16,3.55
917,7/15/2017 1:00,10.2,13.1,16,3.55
918,7/15/2017 1:15,10.2,12.8,16,3.55
919,7/15/2017 1:30,10.2,12.5,16,3.55
920,7/15/2017 1:45,10.2,12.5,16,3.55
921,7/15/2017 2:00,10.2,12.1,16,3.55
922,7/15/2017 2:15,10.2,11.8,16,3.55
923,7/15/2017 2:30,9.8,11.8,16,3.55
924,7/15/2017 2:45,9.8,11.5,16,3.55
925,7/15/2017 3:00,9.8,11.2,16,3.55
926,7/15/2017 3:15,9.8,11.2,16,3.55
927,7/15/2017 3:30,9.8,11.2,16,3.55
928,7/15/2017 3:45,9.8,10.8,16,3.55
929,7/15/2017 4:00,9.8,10.8,16,3.55
930,7/15/2017 4:15,9.8,10.8,16,3.55
931,7/15/2017 4:30,9.8,10.8,16,3.55
932,7/15/2017 4:45,9.8,10.8,16,3.55
933,7/15/2017 5:00,9.8,10.8,16,3.55
934,7/15/2017 5:15,9.8,10.8,16,3.55
935,7/15/2017 5:30,9.8,10.8,16,3.55
936,7/15/2017 5:45,9.8,10.5,16,3.55
937,7/15/2017 6:00,9.5,10.2,17,3.51
938,7/15/2017 6:15,9.5,9.8,17,3.51
939,7/15/2017 6:30,9.5,9.8,17,3.51
940,7/15/2017 6:45,9.5,9.5,17,3.51
941,7/15/2017 7:00,9.5,9.5,17,3.51
942,7/15/2017 7:15,9.5,9.5,17,3.51
943,7/15/2017 7:30,9.5,9.5,17,3.51
944,7/15/2017 7:45,9.5,9.5,17,3.51
945,7/15/2017 8:00,9.5,10.2,17,3.51
946,7/15/2017 8:15,9.5,11.2,17,3.55
947,7/15/2017 8:30,9.8,12.5,16,3.55
948,7/15/2017 8:45,9.8,13.5,16,3.55
949,7/15/2017 9:00,10.2,14.1,16,3.55
950,7/15/2017 9:15,10.2,15.8,16,3.55
951,7/15/2017 9:30,10.2,17.1,17,3.55
952,7/15/2017 9:45,10.5,18.2,17,3.55
953,7/15/2017 10:00,10.5,19.2,17,3.55
954,7/15/2017 10:15,10.8,19.9,17,3.55
955,7/15/2017 10:30,10.8,20.6,17,3.55
956,7/15/2017 10:45,11.2,21.3,17,3.55
957,7/15/2017 11:00,11.2,21.6,17,3.55
958,7/15/2017 11:15,11.5,22.7,17,3.55
959,7/15/2017 11:30,11.5,23.8,17,3.55
960,7/15/2017 11:45,11.5,24.2,17,3.55
961,7/15/2017 12:00,11.5,23.8,17,3.55
962,7/15/2017 12:15,11.8,23.4,17,3.55
963,7/15/2017 12:30,11.8,23.4,16,3.55
964,7/15/2017 12:45,11.8,23.4,16,3.55
965,7/15/2017 13:00,12.1,23.8,16,3.59
966,7/15/2017 13:15,12.1,24.2,16,3.59
967,7/15/2017 13:30,12.1,24.2,16,3.59
968,7/15/2017 13:45,12.1,24.5,16,3.59
969,7/15/2017 14:00,12.1,24.5,16,3.59
970,7/15/2017 14:15,12.1,24.9,16,3.59
971,7/15/2017 14:30,12.1,25.3,16,3.59
972,7/15/2017 14:45,12.1,26.4,16,3.59
973,7/15/2017 15:00,12.1,27.2,16,3.59
974,7/15/2017 15:15,12.1,26.8,15,3.59
975,7/15/2017 15:30,12.1,26.8,15,3.59
976,7/15/2017 15:45,12.1,26,15,3.59
977,7/15/2017 16:00,11.8,24.9,15,3.59
978,7/15/2017 16:15,11.8,24.2,15,3.59
979,7/15/2017 16:30,11.8,23.4,15,3.59
980,7/15/2017 16:45,11.5,23.1,14,3.55
981,7/15/2017 17:00,11.5,22.3,14,3.55
982,7/15/2017 17:15,11.5,22.3,14,3.55
983,7/15/2017 17:30,11.5,22,14,3.55
984,7/15/2017 17:45,11.2,21.3,14,3.55
985,7/15/2017 18:00,11.2,20.9,14,3.55
986,7/15/2017 18:15,11.2,20.9,14,3.55
987,7/15/2017 18:30,10.8,20.2,14,3.55
988,7/15/2017 18:45,10.8,19.5,14,3.55
989,7/15/2017 19:00,10.8,18.8,14,3.55
990,7/15/2017 19:15,10.8,18.2,14,3.55
991,7/15/2017 19:30,10.5,17.1,14,3.55
992,7/15/2017 19:45,10.5,16.5,14,3.55
993,7/15/2017 20:00,10.5,16.1,14,3.55
994,7/15/2017 20:15,10.5,15.8,14,3.55
995,7/15/2017 20:30,10.5,15.8,14,3.55
996,7/15/2017 20:45,10.5,15.5,14,3.55
997,7/15/2017 21:00,10.5,15.1,14,3.55
998,7/15/2017 21:15,10.5,14.8,14,3.55
999,7/15/2017 21:30,10.2,14.5,14,3.55
1000,7/15/2017 21:45,10.2,14.1,14,3.55
1001,7/15/2017 22:00,10.2,14.1,14,3.55
1002,7/15/2017 22:15,10.2,14.1,14,3.55
1003,7/15/2017 22:30,10.2,13.8,14,3.55
1004,7/15/2017 22:45,10.2,13.5,14,3.55
1005,7/15/2017 23:00,10.2,13.1,14,3.55
1006,7/15/2017 23:15,10.2,12.8,14,3.55
1007,7/15/2017 23:30,10.2,12.5,14,3.55
1008,7/15/2017 23:45,10.2,12.1,14,3.55
1009,7/16/2017 0:00,9.8,11.8,15,3.55
1010,7/16/2017 0:15,9.8,11.5,15,3.55
1011,7/16/2017 0:30,9.8,11.5,15,3.55
1012,7/16/2017 0:45,9.8,11.2,15,3.55
1013,7/16/2017 1:00,9.8,10.8,15,3.55
1014,7/16/2017 1:15,9.8,10.5,15,3.55
1015,7/16/2017 1:30,9.8,10.2,15,3.55
1016,7/16/2017 1:45,9.5,9.8,15,3.55
1017,7/16/2017 2:00,9.5,9.8,15,3.55
1018,7/16/2017 2:15,9.5,9.5,15,3.51
1019,7/16/2017 2:30,9.5,9.2,15,3.51
1020,7/16/2017 2:45,9.5,9.2,15,3.51
1021,7/16/2017 3:00,9.5,8.9,16,3.51
1022,7/16/2017 3:15,9.5,8.9,16,3.51
1023,7/16/2017 3:30,9.5,8.5,16,3.51
1024,7/16/2017 3:45,9.2,8.5,16,3.51
1025,7/16/2017 4:00,9.2,8.5,16,3.51
1026,7/16/2017 4:15,9.2,8.2,16,3.51
1027,7/16/2017 4:30,9.2,8.2,16,3.51
1028,7/16/2017 4:45,9.2,7.9,16,3.51
1029,7/16/2017 5:00,9.2,7.9,16,3.51
1030,7/16/2017 5:15,9.2,7.9,16,3.51
1031,7/16/2017 5:30,9.2,7.5,16,3.51
1032,7/16/2017 5:45,8.9,7.5,16,3.51
1033,7/16/2017 6:00,8.9,7.2,16,3.51
1034,7/16/2017 6:15,8.9,7.2,16,3.51
1035,7/16/2017 6:30,8.9,7.2,17,3.51
1036,7/16/2017 6:45,8.9,7.2,17,3.51
1037,7/16/2017 7:00,8.9,7.2,17,3.51
1038,7/16/2017 7:15,8.9,7.2,17,3.51
1039,7/16/2017 7:30,8.9,7.5,17,3.51
1040,7/16/2017 7:45,8.9,7.9,17,3.51
1041,7/16/2017 8:00,8.9,8.2,17,3.51
1042,7/16/2017 8:15,9.2,9.5,17,3.51
1043,7/16/2017 8:30,9.2,10.8,17,3.51
1044,7/16/2017 8:45,9.5,11.8,17,3.55
1045,7/16/2017 9:00,9.5,12.5,17,3.55
1046,7/16/2017 9:15,9.5,13.5,17,3.55
1047,7/16/2017 9:30,9.8,14.5,17,3.55
1048,7/16/2017 9:45,9.8,16.1,17,3.55
1049,7/16/2017 10:00,10.2,18.2,16,3.55
1050,7/16/2017 10:15,10.2,19.9,16,3.55
1051,7/16/2017 10:30,10.5,20.9,16,3.55
1052,7/16/2017 10:45,10.8,22,16,3.55
1053,7/16/2017 11:00,11.2,22.7,16,3.55
1054,7/16/2017 11:15,11.2,23.8,16,3.59
1055,7/16/2017 11:30,11.5,24.9,16,3.59
1056,7/16/2017 11:45,11.5,25.3,16,3.59
1057,7/16/2017 12:00,11.5,24.9,16,3.59
1058,7/16/2017 12:15,11.5,24.9,16,3.59
1059,7/16/2017 12:30,11.8,24.5,16,3.59
1060,7/16/2017 12:45,11.8,24.5,16,3.59
1061,7/16/2017 13:00,12.1,24.9,16,3.59
1062,7/16/2017 13:15,12.1,25.3,15,3.59
1063,7/16/2017 13:30,12.1,25.3,15,3.59
1064,7/16/2017 13:45,12.1,25.6,15,3.59
1065,7/16/2017 14:00,12.1,25.6,15,3.59
1066,7/16/2017 14:15,12.5,25.6,15,3.59
1067,7/16/2017 14:30,12.5,26.4,15,3.59
1068,7/16/2017 14:45,12.5,27.2,15,3.59
1069,7/16/2017 15:00,12.5,28.3,15,3.59
1070,7/16/2017 15:15,12.5,27.9,14,3.59
1071,7/16/2017 15:30,12.1,27.9,14,3.59
1072,7/16/2017 15:45,12.1,27.2,14,3.59
1073,7/16/2017 16:00,12.1,26,14,3.59
1074,7/16/2017 16:15,11.8,25.3,13,3.59
1075,7/16/2017 16:30,11.8,23.8,13,3.59
1076,7/16/2017 16:45,11.5,22.7,13,3.59
1077,7/16/2017 17:00,11.5,22.3,13,3.55
1078,7/16/2017 17:15,11.5,22,13,3.55
1079,7/16/2017 17:30,11.2,22,13,3.55
1080,7/16/2017 17:45,11.2,21.6,13,3.55
1081,7/16/2017 18:00,11.2,21.3,13,3.55
1082,7/16/2017 18:15,11.2,21.3,13,3.55
1083,7/16/2017 18:30,11.2,21.3,13,3.55
1084,7/16/2017 18:45,11.2,20.9,13,3.55
1085,7/16/2017 19:00,11.2,20.6,13,3.55
1086,7/16/2017 19:15,11.2,20.2,13,3.55
1087,7/16/2017 19:30,11.2,19.5,13,3.55
1088,7/16/2017 19:45,11.2,18.8,13,3.55
1089,7/16/2017 20:00,11.2,18.2,13,3.55
1090,7/16/2017 20:15,10.8,17.8,13,3.55
1091,7/16/2017 20:30,10.8,17.1,13,3.55
1092,7/16/2017 20:45,10.8,16.8,13,3.55
1093,7/16/2017 21:00,10.8,16.5,13,3.55
1094,7/16/2017 21:15,10.8,16.1,13,3.55
1095,7/16/2017 21:30,10.8,15.8,13,3.55
1096,7/16/2017 21:45,10.8,15.5,13,3.55
1097,7/16/2017 22:00,10.5,15.1,13,3.55
1098,7/16/2017 22:15,10.5,14.8,13,3.55
1099,7/16/2017 22:30,10.5,14.5,13,3.55
1100,7/16/2017 22:45,10.5,14.1,13,3.55
1101,7/16/2017 23:00,10.5,13.8,13,3.55
1102,7/16/2017 23:15,10.5,13.5,13,3.55
1103,7/16/2017 23:30,10.5,13.5,13,3.55
1104,7/16/2017 23:45,10.5,13.1,13,3.55
1105,7/17/2017 0:00,10.5,12.8,13,3.55
1106,7/17/2017 0:15,10.2,12.5,14,3.55
1107,7/17/2017 0:30,10.2,12.5,14,3.55
1108,7/17/2017 0:45,10.2,12.5,14,3.55
1109,7/17/2017 1:00,10.2,12.8,14,3.55
1110,7/17/2017 1:15,10.2,13.5,14,3.55
1111,7/17/2017 1:30,10.2,13.8,14,3.55
1112,7/17/2017 1:45,10.2,13.8,14,3.55
1113,7/17/2017 2:00,10.2,14.1,14,3.55
1114,7/17/2017 2:15,10.2,14.5,14,3.55
1115,7/17/2017 2:30,10.2,14.8,14,3.55
1116,7/17/2017 2:45,10.2,14.8,14,3.55
1117,7/17/2017 3:00,10.2,14.5,14,3.55
1118,7/17/2017 3:15,10.2,14.5,14,3.55
1119,7/17/2017 3:30,10.2,14.5,14,3.55
1120,7/17/2017 3:45,10.2,14.5,14,3.55
1121,7/17/2017 4:00,10.2,14.1,14,3.55
1122,7/17/2017 4:15,9.8,13.1,14,3.55
1123,7/17/2017 4:30,9.8,13.1,14,3.55
1124,7/17/2017 4:45,9.8,12.5,14,3.55
1125,7/17/2017 5:00,9.8,11.8,14,3.55
1126,7/17/2017 5:15,9.8,11.2,15,3.55
1127,7/17/2017 5:30,9.8,10.8,14,3.55
1128,7/17/2017 5:45,9.8,10.5,15,3.55
1129,7/17/2017 6:00,9.5,10.2,15,3.55
1130,7/17/2017 6:15,9.5,10.2,15,3.55
1131,7/17/2017 6:30,9.5,9.8,15,3.55
1132,7/17/2017 6:45,9.5,9.8,15,3.55
1133,7/17/2017 7:00,9.5,10.2,15,3.55
1134,7/17/2017 7:15,9.5,10.2,15,3.55
1135,7/17/2017 7:30,9.5,10.2,15,3.55
1136,7/17/2017 7:45,9.5,10.5,15,3.55
1137,7/17/2017 8:00,9.8,10.8,15,3.55
1138,7/17/2017 8:15,9.8,12.1,15,3.55
1139,7/17/2017 8:30,10.2,13.8,15,3.55
1140,7/17/2017 8:45,10.2,15.1,15,3.55
1141,7/17/2017 9:00,10.2,16.1,15,3.55
1142,7/17/2017 9:15,10.5,17.1,15,3.55
1143,7/17/2017 9:30,10.5,18.2,15,3.55
1144,7/17/2017 9:45,10.8,19.9,15,3.55
1145,7/17/2017 10:00,10.8,21.3,15,3.55
1146,7/17/2017 10:15,11.2,22.3,15,3.55
1147,7/17/2017 10:30,11.5,23.4,15,3.55
1148,7/17/2017 10:45,11.5,24.2,15,3.59
1149,7/17/2017 11:00,11.8,24.9,15,3.59
1150,7/17/2017 11:15,12.1,26,15,3.59
1151,7/17/2017 11:30,12.1,27.2,15,3.59
1152,7/17/2017 11:45,11.8,26.8,15,3.59
1153,7/17/2017 12:00,11.8,25.3,15,3.59
1154,7/17/2017 12:15,11.8,25.3,15,3.59
1155,7/17/2017 12:30,11.8,25.6,15,3.59
1156,7/17/2017 12:45,11.8,25.6,15,3.59
1157,7/17/2017 13:00,12.1,25.6,15,3.59
1158,7/17/2017 13:15,12.1,25.6,14,3.59
1159,7/17/2017 13:30,12.5,26.4,14,3.59
1160,7/17/2017 13:45,12.5,26.8,14,3.59
1161,7/17/2017 14:00,12.5,27.2,14,3.59
1162,7/17/2017 14:15,12.1,26,14,3.59
1163,7/17/2017 14:30,12.1,25.3,13,3.59
1164,7/17/2017 14:45,12.1,25.6,13,3.59
1165,7/17/2017 15:00,11.8,24.2,13,3.59
1166,7/17/2017 15:15,11.8,22,13,3.55
1167,7/17/2017 15:30,11.8,22,13,3.55
1168,7/17/2017 15:45,11.8,22.7,13,3.59
1169,7/17/2017 16:00,11.8,22.3,13,3.55
1170,7/17/2017 16:15,11.8,21.6,13,3.55
1171,7/17/2017 16:30,11.8,22.3,13,3.55
1172,7/17/2017 16:45,11.8,22.7,13,3.59
1173,7/17/2017 17:00,11.5,22.7,13,3.59
1174,7/17/2017 17:15,11.5,22.7,13,3.59
1175,7/17/2017 17:30,11.5,22.3,13,3.59
1176,7/17/2017 17:45,11.5,21.6,13,3.55
1177,7/17/2017 18:00,11.5,19.2,13,3.55
1178,7/17/2017 18:15,11.2,16.5,13,3.55
1179,7/17/2017 18:30,11.2,15.1,13,3.55
1180,7/17/2017 18:45,11.2,14.8,13,3.55
1181,7/17/2017 19:00,11.2,14.8,13,3.55
1182,7/17/2017 19:15,11.2,14.8,13,3.55
1183,7/17/2017 19:30,11.2,15.1,13,3.55
1184,7/17/2017 19:45,11.2,15.1,13,3.55
1185,7/17/2017 20:00,11.2,14.8,13,3.55
1186,7/17/2017 20:15,10.8,14.8,13,3.55
1187,7/17/2017 20:30,10.8,14.5,13,3.55
1188,7/17/2017 20:45,10.8,14.5,13,3.55
1189,7/17/2017 21:00,10.8,14.1,13,3.55
1190,7/17/2017 21:15,10.8,14.1,13,3.55
1191,7/17/2017 21:30,10.8,13.8,13,3.55
1192,7/17/2017 21:45,10.8,13.5,13,3.55
1193,7/17/2017 22:00,10.8,13.1,13,3.55
1194,7/17/2017 22:15,10.8,12.8,13,3.55
1195,7/17/2017 22:30,10.8,12.5,14,3.55
1196,7/17/2017 22:45,10.8,12.5,14,3.55
1197,7/17/2017 23:00,10.5,12.1,14,3.55
1198,7/17/2017 23:15,10.5,12.1,14,3.55
1199,7/17/2017 23:30,10.5,11.8,14,3.55
1200,7/17/2017 23:45,10.5,11.5,14,3.55
1201,7/18/2017 0:00,10.5,11.5,14,3.55
1202,7/18/2017 0:15,10.5,11.2,14,3.55
1203,7/18/2017 0:30,10.5,11.2,14,3.55
1204,7/18/2017 0:45,10.5,11.2,14,3.55
1205,7/18/2017 1:00,10.2,11.2,14,3.55
1206,7/18/2017 1:15,10.2,11.2,14,3.55
1207,7/18/2017 1:30,10.2,11.2,14,3.55
1208,7/18/2017 1:45,10.2,10.8,14,3.55
1209,7/18/2017 2:00,10.2,10.8,14,3.55
1210,7/18/2017 2:15,10.2,10.8,14,3.55
1211,7/18/2017 2:30,10.2,10.8,14,3.55
1212,7/18/2017 2:45,10.2,10.8,14,3.55
1213,7/18/2017 3:00,10.2,10.8,14,3.55
1214,7/18/2017 3:15,10.2,10.8,14,3.55
1215,7/18/2017 3:30,10.2,10.8,14,3.55
1216,7/18/2017 3:45,10.2,10.5,14,3.55
1217,7/18/2017 4:00,10.2,10.5,14,3.55
1218,7/18/2017 4:15,10.2,10.2,14,3.55
1219,7/18/2017 4:30,10.2,10.2,14,3.55
1220,7/18/2017 4:45,9.8,10.2,14,3.55
1221,7/18/2017 5:00,9.8,10.2,14,3.55
1222,7/18/2017 5:15,9.8,10.2,15,3.55
1223,7/18/2017 5:30,9.8,10.5,14,3.55
1224,7/18/2017 5:45,9.8,10.5,14,3.55
1225,7/18/2017 6:00,10.2,10.8,14,3.55
1226,7/18/2017 6:15,10.2,10.8,14,3.55
1227,7/18/2017 6:30,10.2,11.2,14,3.55
1228,7/18/2017 6:45,10.2,11.2,14,3.55
1229,7/18/2017 7:00,10.2,11.2,14,3.55
1230,7/18/2017 7:15,10.2,11.5,14,3.55
1231,7/18/2017 7:30,10.2,11.8,14,3.55
1232,7/18/2017 7:45,10.2,12.1,14,3.55
1233,7/18/2017 8:00,10.2,12.5,14,3.55
1234,7/18/2017 8:15,10.2,12.8,14,3.55
1235,7/18/2017 8:30,10.2,13.1,14,3.55
1236,7/18/2017 8:45,10.2,13.5,14,3.55
1237,7/18/2017 9:00,10.5,13.8,14,3.55
1238,7/18/2017 9:15,10.5,13.8,14,3.55
1239,7/18/2017 9:30,10.5,13.8,14,3.55
1240,7/18/2017 9:45,10.5,14.1,14,3.55
1241,7/18/2017 10:00,10.5,14.5,14,3.55
1242,7/18/2017 10:15,10.5,14.8,14,3.55
1243,7/18/2017 10:30,10.5,14.8,14,3.55
1244,7/18/2017 10:45,10.8,15.5,14,3.55
1245,7/18/2017 11:00,11.2,17.1,14,3.55
1246,7/18/2017 11:15,11.2,19.5,14,3.55
1247,7/18/2017 11:30,11.5,21.3,14,3.55
1248,7/18/2017 11:45,11.8,22.7,14,3.55
1249,7/18/2017 12:00,11.8,23.4,14,3.59
1250,7/18/2017 12:15,11.8,23.8,14,3.59
1251,7/18/2017 12:30,12.1,23.8,14,3.59
1252,7/18/2017 12:45,12.1,24.2,14,3.59
1253,7/18/2017 13:00,12.5,24.5,14,3.59
1254,7/18/2017 13:15,12.5,24.9,14,3.59
1255,7/18/2017 13:30,12.8,25.3,14,3.59
1256,7/18/2017 13:45,12.8,25.6,14,3.59
1257,7/18/2017 14:00,12.8,26,14,3.59
1258,7/18/2017 14:15,12.8,26.4,14,3.59
1259,7/18/2017 14:30,12.8,26.8,14,3.59
1260,7/18/2017 14:45,12.8,26.8,14,3.59
1261,7/18/2017 15:00,12.5,26.4,14,3.59
1262,7/18/2017 15:15,12.5,26,14,3.59
1263,7/18/2017 15:30,12.1,25.6,13,3.59
1264,7/18/2017 15:45,12.1,25.3,13,3.59
1265,7/18/2017 16:00,12.1,24.5,13,3.59
1266,7/18/2017 16:15,12.1,24.2,13,3.59
1267,7/18/2017 16:30,11.8,23.8,13,3.59
1268,7/18/2017 16:45,11.8,23.8,13,3.59
1269,7/18/2017 17:00,11.8,24.2,13,3.59
1270,7/18/2017 17:15,11.8,23.8,13,3.59
1271,7/18/2017 17:30,11.8,23.4,12,3.59
1272,7/18/2017 17:45,11.8,23.4,12,3.59
1273,7/18/2017 18:00,11.8,23.1,12,3.59
1274,7/18/2017 18:15,11.8,22.7,12,3.59
1275,7/18/2017 18:30,11.8,22,12,3.59
1276,7/18/2017 18:45,11.8,21.6,12,3.55
1277,7/18/2017 19:00,11.5,21.3,12,3.55
1278,7/18/2017 19:15,11.5,20.6,12,3.55
1279,7/18/2017 19:30,11.5,20.2,12,3.55
1280,7/18/2017 19:45,11.5,19.9,12,3.55
1281,7/18/2017 20:00,11.5,19.5,12,3.55
1282,7/18/2017 20:15,11.5,18.8,12,3.55
1283,7/18/2017 20:30,11.5,18.2,12,3.55
1284,7/18/2017 20:45,11.2,17.8,12,3.55
1285,7/18/2017 21:00,11.2,17.1,12,3.55
1286,7/18/2017 21:15,11.2,16.8,12,3.55
1287,7/18/2017 21:30,11.2,16.8,12,3.55
1288,7/18/2017 21:45,11.2,16.5,12,3.55
1289,7/18/2017 22:00,11.2,16.1,12,3.55
1290,7/18/2017 22:15,10.8,15.8,12,3.55
1291,7/18/2017 22:30,10.8,15.5,12,3.55
1292,7/18/2017 22:45,10.8,15.1,12,3.55
1293,7/18/2017 23:00,10.8,15.1,12,3.55
1294,7/18/2017 23:15,10.8,14.8,12,3.55
1295,7/18/2017 23:30,10.8,14.5,12,3.55
1296,7/18/2017 23:45,10.8,14.1,12,3.55
1297,7/19/2017 0:00,10.8,14.1,12,3.55
1298,7/19/2017 0:15,10.8,13.8,12,3.55
1299,7/19/2017 0:30,10.5,13.5,12,3.55
1300,7/19/2017 0:45,10.5,13.5,12,3.55
1301,7/19/2017 1:00,10.5,13.1,12,3.55
1302,7/19/2017 1:15,10.5,13.1,12,3.55
1303,7/19/2017 1:30,10.5,12.8,12,3.55
1304,7/19/2017 1:45,10.5,12.8,12,3.55
1305,7/19/2017 2:00,10.5,12.5,12,3.55
1306,7/19/2017 2:15,10.5,12.1,13,3.55
1307,7/19/2017 2:30,10.5,12.1,13,3.55
1308,7/19/2017 2:45,10.5,11.8,13,3.55
1309,7/19/2017 3:00,10.2,11.8,13,3.55
1310,7/19/2017 3:15,10.2,11.8,13,3.55
1311,7/19/2017 3:30,10.2,11.5,13,3.55
1312,7/19/2017 3:45,10.2,11.5,13,3.55
1313,7/19/2017 4:00,10.2,11.2,13,3.55
1314,7/19/2017 4:15,10.2,11.2,13,3.55
1315,7/19/2017 4:30,10.2,11.2,13,3.55
1316,7/19/2017 4:45,10.2,11.2,13,3.55
1317,7/19/2017 5:00,10.2,10.8,13,3.55
1318,7/19/2017 5:15,10.2,10.8,13,3.55
1319,7/19/2017 5:30,10.2,10.8,13,3.55
1320,7/19/2017 5:45,10.2,10.8,13,3.55
1321,7/19/2017 6:00,9.8,10.8,13,3.55
1322,7/19/2017 6:15,9.8,10.8,13,3.55
1323,7/19/2017 6:30,9.8,10.8,13,3.55
1324,7/19/2017 6:45,10.2,11.2,13,3.55
1325,7/19/2017 7:00,10.2,11.5,13,3.55
1326,7/19/2017 7:15,10.2,12.1,13,3.55
1327,7/19/2017 7:30,10.2,12.8,13,3.55
1328,7/19/2017 7:45,10.2,13.8,13,3.55
1329,7/19/2017 8:00,10.2,14.5,13,3.55
1330,7/19/2017 8:15,10.5,15.1,13,3.55
1331,7/19/2017 8:30,10.5,16.5,13,3.55
1332,7/19/2017 8:45,10.8,17.5,13,3.55
1333,7/19/2017 9:00,10.8,18.2,13,3.55
1334,7/19/2017 9:15,10.8,18.8,13,3.55
1335,7/19/2017 9:30,10.8,19.5,13,3.55
1336,7/19/2017 9:45,11.2,20.9,13,3.55
1337,7/19/2017 10:00,11.5,22.3,13,3.55
1338,7/19/2017 10:15,11.5,23.4,13,3.59
1339,7/19/2017 10:30,11.8,24.2,13,3.59
1340,7/19/2017 10:45,11.8,24.9,13,3.59
1341,7/19/2017 11:00,12.1,26,13,3.59
1342,7/19/2017 11:15,12.5,26.8,13,3.59
1343,7/19/2017 11:30,12.5,27.5,13,3.59
1344,7/19/2017 11:45,12.5,27.9,13,3.59
1345,7/19/2017 12:00,12.8,28.3,13,3.59
1346,7/19/2017 12:15,12.8,28.3,13,3.59
1347,7/19/2017 12:30,13.1,28.7,13,3.59
1348,7/19/2017 12:45,13.1,28.7,13,3.59
1349,7/19/2017 13:00,13.1,28.7,12,3.59
1350,7/19/2017 13:15,13.5,29.1,12,3.59
1351,7/19/2017 13:30,13.5,29.5,12,3.59
1352,7/19/2017 13:45,13.5,29.5,12,3.59
1353,7/19/2017 14:00,13.1,29.1,11,3.59
1354,7/19/2017 14:15,12.8,28.3,11,3.59
1355,7/19/2017 14:30,12.5,27.2,11,3.59
1356,7/19/2017 14:45,12.5,26,11,3.59
1357,7/19/2017 15:00,12.5,25.3,10,3.59
1358,7/19/2017 15:15,12.1,24.2,11,3.59
1359,7/19/2017 15:30,12.1,23.1,11,3.59
1360,7/19/2017 15:45,12.1,22.7,10,3.59
1361,7/19/2017 16:00,12.1,23.4,10,3.59
1362,7/19/2017 16:15,12.1,23.4,10,3.59
1363,7/19/2017 16:30,12.1,23.8,10,3.59
1364,7/19/2017 16:45,12.1,23.4,10,3.59
1365,7/19/2017 17:00,12.1,23.4,10,3.59
1366,7/19/2017 17:15,11.8,22.7,10,3.59
1367,7/19/2017 17:30,12.1,22.7,10,3.59
1368,7/19/2017 17:45,12.1,22.7,10,3.59
1369,7/19/2017 18:00,11.8,22.3,10,3.59
1370,7/19/2017 18:15,11.8,22,10,3.59
1371,7/19/2017 18:30,11.8,21.6,10,3.59
1372,7/19/2017 18:45,11.8,21.3,9,3.55
1373,7/19/2017 19:00,11.8,20.9,9,3.55
1374,7/19/2017 19:15,11.8,20.6,10,3.55
1375,7/19/2017 19:30,11.8,20.6,9,3.55
1376,7/19/2017 19:45,11.5,20.2,10,3.55
1377,7/19/2017 20:00,11.8,19.9,10,3.55
1378,7/19/2017 20:15,11.8,19.9,10,3.55
1379,7/19/2017 20:30,11.8,19.5,9,3.55
1380,7/19/2017 20:45,11.5,19.2,9,3.55
1381,7/19/2017 21:00,11.5,18.8,9,3.55
1382,7/19/2017 21:15,11.5,18.8,10,3.55
1383,7/19/2017 21:30,11.5,18.5,9,3.55
1384,7/19/2017 21:45,11.2,17.8,10,3.55
1385,7/19/2017 22:00,11.2,17.1,10,3.55
1386,7/19/2017 22:15,11.2,16.8,10,3.55
1387,7/19/2017 22:30,11.2,16.5,10,3.55
1388,7/19/2017 22:45,11.2,16.1,10,3.55
1389,7/19/2017 23:00,11.2,16.1,10,3.55
1390,7/19/2017 23:15,11.2,16.1,10,3.55
1391,7/19/2017 23:30,11.2,16.1,10,3.55
1392,7/19/2017 23:45,11.2,16.1,10,3.55
1393,7/20/2017 0:00,11.2,16.1,10,3.55
1394,7/20/2017 0:15,11.2,16.5,10,3.55
1395,7/20/2017 0:30,11.2,16.5,10,3.55
1396,7/20/2017 0:45,11.2,16.1,10,3.55
1397,7/20/2017 1:00,11.2,16.5,10,3.55
1398,7/20/2017 1:15,11.2,16.5,11,3.55
1399,7/20/2017 1:30,11.2,16.1,11,3.55
1400,7/20/2017 1:45,11.2,16.1,11,3.55
1401,7/20/2017 2:00,11.2,16.1,11,3.55
1402,7/20/2017 2:15,11.2,15.8,11,3.55
1403,7/20/2017 2:30,10.8,15.8,11,3.55
1404,7/20/2017 2:45,10.8,15.5,11,3.55
1405,7/20/2017 3:00,10.8,15.5,11,3.55
1406,7/20/2017 3:15,10.8,15.5,11,3.55
1407,7/20/2017 3:30,11.2,15.8,11,3.55
1408,7/20/2017 3:45,11.2,16.1,11,3.55
1409,7/20/2017 4:00,11.2,16.1,11,3.55
1410,7/20/2017 4:15,10.8,15.8,11,3.55
1411,7/20/2017 4:30,10.8,15.5,12,3.55
1412,7/20/2017 4:45,10.8,14.8,12,3.55
1413,7/20/2017 5:00,10.8,14.5,12,3.55
1414,7/20/2017 5:15,10.8,14.1,12,3.55
1415,7/20/2017 5:30,10.8,13.8,12,3.55
1416,7/20/2017 5:45,10.8,13.5,12,3.55
1417,7/20/2017 6:00,10.8,13.1,12,3.55
1418,7/20/2017 6:15,10.5,13.1,12,3.55
1419,7/20/2017 6:30,10.5,13.1,12,3.55
1420,7/20/2017 6:45,10.5,13.1,12,3.55
1421,7/20/2017 7:00,10.5,13.5,12,3.55
1422,7/20/2017 7:15,10.5,13.8,12,3.55
1423,7/20/2017 7:30,10.5,13.8,12,3.55
1424,7/20/2017 7:45,10.8,13.8,12,3.55
1425,7/20/2017 8:00,10.8,13.8,12,3.55
1426,7/20/2017 8:15,10.8,14.1,12,3.55
1427,7/20/2017 8:30,10.8,15.1,12,3.55
1428,7/20/2017 8:45,10.8,16.1,12,3.55
1429,7/20/2017 9:00,11.2,16.8,12,3.55
1430,7/20/2017 9:15,11.2,17.8,12,3.55
1431,7/20/2017 9:30,11.2,18.5,12,3.55
1432,7/20/2017 9:45,11.5,19.5,12,3.55
1433,7/20/2017 10:00,11.5,20.2,12,3.55
1434,7/20/2017 10:15,11.5,21.3,12,3.55
1435,7/20/2017 10:30,11.8,22,12,3.55
1436,7/20/2017 10:45,12.1,22.7,12,3.55
1437,7/20/2017 11:00,12.1,23.8,12,3.59
1438,7/20/2017 11:15,12.5,25.3,13,3.59
1439,7/20/2017 11:30,12.5,25.6,13,3.59
1440,7/20/2017 11:45,12.5,25.6,12,3.59
1441,7/20/2017 12:00,12.8,26,12,3.59
1442,7/20/2017 12:15,12.8,26,12,3.59
1443,7/20/2017 12:30,12.8,26,12,3.59
1444,7/20/2017 12:45,13.1,26.4,12,3.59
1445,7/20/2017 13:00,13.5,26.8,12,3.59
1446,7/20/2017 13:15,13.5,26.8,12,3.59
1447,7/20/2017 13:30,13.5,27.2,12,3.59
1448,7/20/2017 13:45,13.5,27.5,12,3.59
1449,7/20/2017 14:00,13.5,27.5,12,3.59
1450,7/20/2017 14:15,13.5,27.5,12,3.59
1451,7/20/2017 14:30,13.5,27.9,11,3.59
1452,7/20/2017 14:45,13.5,27.5,11,3.59
1453,7/20/2017 15:00,13.1,27.2,11,3.59
1454,7/20/2017 15:15,13.1,27.5,11,3.59
1455,7/20/2017 15:30,13.1,27.9,10,3.59
1456,7/20/2017 15:45,13.1,27.2,10,3.59
1457,7/20/2017 16:00,12.8,26.4,10,3.59
1458,7/20/2017 16:15,12.8,26,10,3.59
1459,7/20/2017 16:30,12.8,26,10,3.59
1460,7/20/2017 16:45,12.8,25.6,9,3.59
1461,7/20/2017 17:00,12.8,25.3,9,3.59
1462,7/20/2017 17:15,12.5,24.9,9,3.59
1463,7/20/2017 17:30,12.5,24.5,9,3.59
1464,7/20/2017 17:45,12.5,24.5,9,3.59
1465,7/20/2017 18:00,12.5,24.2,9,3.59
1466,7/20/2017 18:15,12.5,23.8,9,3.59
1467,7/20/2017 18:30,12.1,23.4,9,3.59
1468,7/20/2017 18:45,12.1,22.7,9,3.59
1469,7/20/2017 19:00,12.1,21.6,9,3.55
1470,7/20/2017 19:15,12.1,20.9,9,3.55
1471,7/20/2017 19:30,12.1,18.8,9,3.55
1472,7/20/2017 19:45,11.8,16.5,9,3.55
1473,7/20/2017 20:00,11.8,15.1,9,3.55
1474,7/20/2017 20:15,11.5,14.1,9,3.55
1475,7/20/2017 20:30,11.5,13.8,9,3.55
1476,7/20/2017 20:45,11.5,13.8,9,3.55
1477,7/20/2017 21:00,11.5,13.8,9,3.55
1478,7/20/2017 21:15,11.5,13.8,10,3.55
1479,7/20/2017 21:30,11.5,13.8,10,3.55
1480,7/20/2017 21:45,11.5,13.8,10,3.55
1481,7/20/2017 22:00,11.5,13.5,10,3.55
1482,7/20/2017 22:15,11.2,13.5,10,3.55
1483,7/20/2017 22:30,11.2,13.5,11,3.55
1484,7/20/2017 22:45,11.2,13.1,11,3.55
1485,7/20/2017 23:00,11.2,12.8,11,3.55
1486,7/20/2017 23:15,11.2,12.8,11,3.55
1487,7/20/2017 23:30,11.2,12.5,11,3.55
1488,7/20/2017 23:45,11.2,12.5,11,3.55
1489,7/21/2017 0:00,11.2,12.5,12,3.55
1490,7/21/2017 0:15,11.2,12.5,12,3.55
1491,7/21/2017 0:30,11.2,12.5,12,3.55
1492,7/21/2017 0:45,11.2,12.8,12,3.55
1493,7/21/2017 1:00,11.2,13.1,11,3.55
1494,7/21/2017 1:15,11.2,13.1,11,3.55
1495,7/21/2017 1:30,11.2,13.1,11,3.55
1496,7/21/2017 1:45,11.2,13.1,11,3.55
1497,7/21/2017 2:00,11.2,13.1,11,3.55
1498,7/21/2017 2:15,11.2,12.8,11,3.55
1499,7/21/2017 2:30,11.2,12.8,11,3.55
1500,7/21/2017 2:45,10.8,12.5,11,3.55
1501,7/21/2017 3:00,10.8,12.5,11,3.55
1502,7/21/2017 3:15,10.8,12.5,12,3.55
1503,7/21/2017 3:30,10.8,12.8,12,3.55
1504,7/21/2017 3:45,10.8,12.5,11,3.55
1505,7/21/2017 4:00,10.8,12.1,12,3.55
1506,7/21/2017 4:15,10.8,11.8,12,3.55
1507,7/21/2017 4:30,10.8,12.1,12,3.55
1508,7/21/2017 4:45,10.8,12.1,12,3.55
1509,7/21/2017 5:00,10.8,12.1,12,3.55
1510,7/21/2017 5:15,10.8,12.1,12,3.55
1511,7/21/2017 5:30,10.8,11.8,12,3.55
1512,7/21/2017 5:45,10.8,11.5,12,3.55
1513,7/21/2017 6:00,10.8,11.5,12,3.55
1514,7/21/2017 6:15,10.8,11.5,12,3.55
1515,7/21/2017 6:30,10.8,11.8,12,3.55
1516,7/21/2017 6:45,10.8,11.8,12,3.55
1517,7/21/2017 7:00,10.8,12.1,12,3.55
1518,7/21/2017 7:15,10.8,12.5,12,3.55
1519,7/21/2017 7:30,10.8,12.8,12,3.55
1520,7/21/2017 7:45,10.8,13.5,12,3.55
1521,7/21/2017 8:00,10.8,14.1,12,3.55
1522,7/21/2017 8:15,11.2,15.1,12,3.55
1523,7/21/2017 8:30,11.2,16.1,12,3.55
1524,7/21/2017 8:45,11.2,16.8,12,3.55
1525,7/21/2017 9:00,11.2,16.5,12,3.55
1526,7/21/2017 9:15,11.2,16.5,12,3.55
1527,7/21/2017 9:30,11.2,16.5,12,3.55
1528,7/21/2017 9:45,11.2,16.8,12,3.55
1529,7/21/2017 10:00,11.5,17.5,12,3.55
1530,7/21/2017 10:15,11.5,18.2,12,3.55
1531,7/21/2017 10:30,11.5,19.2,12,3.55
1532,7/21/2017 10:45,11.8,19.9,12,3.55
1533,7/21/2017 11:00,12.1,21.3,12,3.55
1534,7/21/2017 11:15,12.5,22.7,12,3.55
1535,7/21/2017 11:30,12.5,23.8,12,3.59
1536,7/21/2017 11:45,12.8,24.9,12,3.59
1537,7/21/2017 12:00,12.8,24.9,12,3.59
1538,7/21/2017 12:15,12.8,24.9,12,3.59
1539,7/21/2017 12:30,12.5,24.2,12,3.59
1540,7/21/2017 12:45,12.5,24.2,12,3.59
1541,7/21/2017 13:00,12.5,23.8,12,3.59
1542,7/21/2017 13:15,12.5,23.1,12,3.59
1543,7/21/2017 13:30,12.1,22,12,3.59
1544,7/21/2017 13:45,12.1,21.6,12,3.55
1545,7/21/2017 14:00,12.1,21.6,12,3.55
1546,7/21/2017 14:15,11.8,20.9,12,3.55
1547,7/21/2017 14:30,11.8,19.2,12,3.55
1548,7/21/2017 14:45,11.8,17.8,12,3.55
1549,7/21/2017 15:00,11.8,16.8,12,3.55
1550,7/21/2017 15:15,11.8,16.5,12,3.55
1551,7/21/2017 15:30,11.8,16.1,12,3.55
1552,7/21/2017 15:45,11.8,15.8,12,3.55
1553,7/21/2017 16:00,11.5,15.5,12,3.55
1554,7/21/2017 16:15,11.5,15.1,12,3.55
1555,7/21/2017 16:30,11.5,14.8,12,3.55
1556,7/21/2017 16:45,11.5,14.8,12,3.55
1557,7/21/2017 17:00,11.5,14.5,12,3.55
1558,7/21/2017 17:15,11.5,14.5,12,3.55
1559,7/21/2017 17:30,11.2,14.1,12,3.55
1560,7/21/2017 17:45,11.2,14.1,12,3.55
1561,7/21/2017 18:00,11.2,14.1,12,3.55
1562,7/21/2017 18:15,11.2,14.1,12,3.55
1563,7/21/2017 18:30,11.2,14.1,12,3.55
1564,7/21/2017 18:45,11.2,13.8,12,3.55
1565,7/21/2017 19:00,11.2,13.8,12,3.55
1566,7/21/2017 19:15,11.2,13.8,12,3.55
1567,7/21/2017 19:30,11.2,13.8,12,3.55
1568,7/21/2017 19:45,11.2,13.8,12,3.55
1569,7/21/2017 20:00,11.2,13.5,12,3.55
1570,7/21/2017 20:15,11.2,13.5,12,3.55
1571,7/21/2017 20:30,11.2,13.1,12,3.55
1572,7/21/2017 20:45,11.2,13.1,12,3.55
1573,7/21/2017 21:00,11.2,13.1,12,3.55
1574,7/21/2017 21:15,11.2,12.8,12,3.55
1575,7/21/2017 21:30,11.2,12.8,12,3.55
1576,7/21/2017 21:45,11.2,12.8,12,3.55
1577,7/21/2017 22:00,11.2,12.8,12,3.55
1578,7/21/2017 22:15,10.8,12.8,12,3.55
1579,7/21/2017 22:30,10.8,12.8,12,3.55
1580,7/21/2017 22:45,10.8,12.8,12,3.55
1581,7/21/2017 23:00,10.8,12.5,12,3.55
1582,7/21/2017 23:15,10.8,12.5,12,3.55
1583,7/21/2017 23:30,10.8,12.5,12,3.55
1584,7/21/2017 23:45,10.8,12.5,12,3.55
1585,7/22/2017 0:00,10.8,12.1,12,3.55
1586,7/22/2017 0:15,10.8,12.1,12,3.55
1587,7/22/2017 0:30,10.8,11.8,13,3.55
1588,7/22/2017 0:45,10.8,11.8,13,3.55
1589,7/22/2017 1:00,10.8,11.5,13,3.55
1590,7/22/2017 1:15,10.5,11.2,13,3.55
1591,7/22/2017 1:30,10.5,10.8,13,3.55
1592,7/22/2017 1:45,10.5,10.5,13,3.55
1593,7/22/2017 2:00,10.5,10.5,13,3.55
1594,7/22/2017 2:15,10.5,10.2,13,3.55
1595,7/22/2017 2:30,10.5,9.8,13,3.55
1596,7/22/2017 2:45,10.2,9.5,13,3.55
1597,7/22/2017 3:00,10.2,9.5,14,3.55
1598,7/22/2017 3:15,10.2,9.5,14,3.55
1599,7/22/2017 3:30,10.2,9.2,13,3.55
1600,7/22/2017 3:45,10.2,9.5,13,3.55
1601,7/22/2017 4:00,10.2,9.5,14,3.55
1602,7/22/2017 4:15,10.2,9.5,14,3.55
1603,7/22/2017 4:30,10.2,9.5,14,3.55
1604,7/22/2017 4:45,10.2,9.5,14,3.55
1605,7/22/2017 5:00,10.2,9.5,14,3.55
1606,7/22/2017 5:15,10.2,9.5,14,3.55
1607,7/22/2017 5:30,10.2,10.2,14,3.55
1608,7/22/2017 5:45,10.2,10.5,14,3.55
1609,7/22/2017 6:00,10.2,10.2,14,3.55
1610,7/22/2017 6:15,9.8,9.5,14,3.55
1611,7/22/2017 6:30,9.8,9.5,14,3.55
1612,7/22/2017 6:45,9.8,9.2,14,3.51
1613,7/22/2017 7:00,9.8,9.2,14,3.51
1614,7/22/2017 7:15,9.8,9.2,14,3.51
1615,7/22/2017 7:30,9.8,9.5,14,3.55
1616,7/22/2017 7:45,10.2,9.8,14,3.55
1617,7/22/2017 8:00,10.2,10.2,14,3.55
1618,7/22/2017 8:15,10.2,10.5,14,3.55
1619,7/22/2017 8:30,10.2,11.2,14,3.55
1620,7/22/2017 8:45,10.5,12.1,14,3.55
1621,7/22/2017 9:00,10.5,13.1,14,3.55
1622,7/22/2017 9:15,10.5,13.8,14,3.55
1623,7/22/2017 9:30,10.8,14.5,14,3.55
1624,7/22/2017 9:45,10.8,15.5,14,3.55
1625,7/22/2017 10:00,10.8,16.8,13,3.55
1626,7/22/2017 10:15,11.2,18.2,13,3.55
1627,7/22/2017 10:30,11.5,19.2,13,3.55
1628,7/22/2017 10:45,11.5,19.9,13,3.55
1629,7/22/2017 11:00,11.5,19.9,13,3.55
1630,7/22/2017 11:15,11.8,21.6,13,3.55
1631,7/22/2017 11:30,11.8,22,13,3.55
1632,7/22/2017 11:45,11.8,22.7,13,3.59
1633,7/22/2017 12:00,12.1,23.1,13,3.59
1634,7/22/2017 12:15,12.1,23.1,13,3.59
1635,7/22/2017 12:30,12.1,23.4,13,3.59
1636,7/22/2017 12:45,12.5,23.8,13,3.59
1637,7/22/2017 13:00,12.5,23.8,13,3.59
1638,7/22/2017 13:15,12.5,23.4,13,3.59
1639,7/22/2017 13:30,12.1,23.1,13,3.59
1640,7/22/2017 13:45,12.1,22.7,12,3.59
1641,7/22/2017 14:00,11.8,22,12,3.59
1642,7/22/2017 14:15,11.8,21.6,12,3.59
1643,7/22/2017 14:30,11.8,20.9,12,3.55
1644,7/22/2017 14:45,11.8,20.9,12,3.55
1645,7/22/2017 15:00,11.8,20.6,12,3.55
1646,7/22/2017 15:15,11.8,20.9,12,3.55
1647,7/22/2017 15:30,11.8,22.3,12,3.59
1648,7/22/2017 15:45,11.8,23.8,12,3.59
1649,7/22/2017 16:00,12.1,23.8,12,3.59
1650,7/22/2017 16:15,12.1,23.4,11,3.59
1651,7/22/2017 16:30,11.8,23.1,11,3.59
1652,7/22/2017 16:45,11.8,23.1,11,3.59
1653,7/22/2017 17:00,11.8,23.1,11,3.59
1654,7/22/2017 17:15,11.8,22.3,11,3.59
1655,7/22/2017 17:30,11.8,22,11,3.59
1656,7/22/2017 17:45,11.8,21.6,11,3.59
1657,7/22/2017 18:00,11.8,21.6,11,3.59
1658,7/22/2017 18:15,11.8,21.3,11,3.55
1659,7/22/2017 18:30,11.8,20.9,11,3.55
1660,7/22/2017 18:45,11.8,20.9,11,3.55
1661,7/22/2017 19:00,11.8,20.9,11,3.55
1662,7/22/2017 19:15,11.5,19.9,11,3.55
1663,7/22/2017 19:30,11.5,18.8,11,3.55
1664,7/22/2017 19:45,11.5,17.8,11,3.55
1665,7/22/2017 20:00,11.5,17.1,11,3.55
1666,7/22/2017 20:15,11.2,16.5,10,3.55
1667,7/22/2017 20:30,11.2,15.8,11,3.55
1668,7/22/2017 20:45,11.2,15.5,11,3.55
1669,7/22/2017 21:00,10.8,15.1,11,3.55
1670,7/22/2017 21:15,10.8,14.8,10,3.55
1671,7/22/2017 21:30,10.8,14.5,11,3.55
1672,7/22/2017 21:45,10.8,14.1,11,3.55
1673,7/22/2017 22:00,10.8,13.8,11,3.55
1674,7/22/2017 22:15,10.8,13.5,11,3.55
1675,7/22/2017 22:30,10.5,13.1,11,3.55
1676,7/22/2017 22:45,10.5,12.8,11,3.55
1677,7/22/2017 23:00,10.5,12.5,11,3.55
1678,7/22/2017 23:15,10.5,12.5,11,3.55
1679,7/22/2017 23:30,10.5,12.1,11,3.55
1680,7/22/2017 23:45,10.5,12.1,11,3.55
1681,7/23/2017 0:00,10.5,11.8,11,3.55
1682,7/23/2017 0:15,10.5,11.8,11,3.55
1683,7/23/2017 0:30,10.5,11.5,11,3.55
1684,7/23/2017 0:45,10.2,11.5,11,3.55
1685,7/23/2017 1:00,10.2,11.2,11,3.55
1686,7/23/2017 1:15,10.2,11.2,11,3.55
1687,7/23/2017 1:30,10.2,10.8,11,3.55
1688,7/23/2017 1:45,10.2,10.8,11,3.55
1689,7/23/2017 2:00,10.2,10.5,11,3.55
1690,7/23/2017 2:15,10.2,10.2,11,3.55
1691,7/23/2017 2:30,10.2,10.2,11,3.55
1692,7/23/2017 2:45,10.2,9.8,12,3.55
1693,7/23/2017 3:00,9.8,9.8,12,3.55
1694,7/23/2017 3:15,9.8,9.5,12,3.55
1695,7/23/2017 3:30,9.8,9.5,12,3.55
1696,7/23/2017 3:45,9.8,9.2,12,3.55
1697,7/23/2017 4:00,9.8,9.2,12,3.55
1698,7/23/2017 4:15,9.8,8.9,12,3.55
1699,7/23/2017 4:30,9.8,8.9,12,3.55
1700,7/23/2017 4:45,9.8,8.5,12,3.55
1701,7/23/2017 5:00,9.5,8.5,12,3.55
1702,7/23/2017 5:15,9.5,8.5,12,3.51
1703,7/23/2017 5:30,9.5,8.2,12,3.51
1704,7/23/2017 5:45,9.5,8.2,13,3.51
1705,7/23/2017 6:00,9.5,8.2,13,3.51
1706,7/23/2017 6:15,9.5,8.2,13,3.51
1707,7/23/2017 6:30,9.5,8.2,13,3.51
1708,7/23/2017 6:45,9.5,8.2,13,3.51
1709,7/23/2017 7:00,9.5,8.2,13,3.51
1710,7/23/2017 7:15,9.5,8.2,13,3.51
1711,7/23/2017 7:30,9.5,8.5,13,3.51
1712,7/23/2017 7:45,9.5,8.5,13,3.51
1713,7/23/2017 8:00,9.5,9.2,13,3.51
1714,7/23/2017 8:15,9.8,10.2,13,3.55
1715,7/23/2017 8:30,9.8,11.5,13,3.55
1716,7/23/2017 8:45,10.2,12.5,13,3.55
1717,7/23/2017 9:00,10.2,13.1,13,3.55
1718,7/23/2017 9:15,10.2,13.8,13,3.55
1719,7/23/2017 9:30,10.5,14.8,13,3.55
1720,7/23/2017 9:45,10.5,15.8,13,3.55
1721,7/23/2017 10:00,10.8,17.8,12,3.55
1722,7/23/2017 10:15,10.8,19.9,12,3.55
1723,7/23/2017 10:30,11.2,21.3,12,3.55
1724,7/23/2017 10:45,11.5,22,12,3.55
1725,7/23/2017 11:00,11.8,23.4,12,3.59
1726,7/23/2017 11:15,12.1,24.9,12,3.59
1727,7/23/2017 11:30,12.1,25.3,12,3.59
1728,7/23/2017 11:45,12.1,25.6,12,3.59
1729,7/23/2017 12:00,12.1,25.6,12,3.59
1730,7/23/2017 12:15,12.5,25.6,12,3.59
1731,7/23/2017 12:30,12.5,24.9,12,3.59
1732,7/23/2017 12:45,12.5,24.5,12,3.59
1733,7/23/2017 13:00,12.5,24.9,11,3.59
1734,7/23/2017 13:15,12.8,25.3,11,3.59
1735,7/23/2017 13:30,12.8,24.9,11,3.59
1736,7/23/2017 13:45,12.5,23.8,11,3.59
1737,7/23/2017 14:00,12.1,22.7,10,3.59
1738,7/23/2017 14:15,12.1,21.3,10,3.59
1739,7/23/2017 14:30,11.8,20.6,10,3.55
1740,7/23/2017 14:45,11.8,20.2,10,3.55
1741,7/23/2017 15:00,11.5,19.5,10,3.55
1742,7/23/2017 15:15,11.5,19.5,10,3.55
1743,7/23/2017 15:30,11.8,20.6,10,3.55
1744,7/23/2017 15:45,11.8,22.3,10,3.59
1745,7/23/2017 16:00,11.8,22.3,10,3.59
1746,7/23/2017 16:15,11.8,22.7,9,3.59
1747,7/23/2017 16:30,12.1,22.7,9,3.59
1748,7/23/2017 16:45,12.1,23.1,9,3.59
1749,7/23/2017 17:00,11.8,22.3,9,3.59
1750,7/23/2017 17:15,11.8,22,9,3.59
1751,7/23/2017 17:30,11.8,21.6,9,3.59
1752,7/23/2017 17:45,11.8,21.6,9,3.59
1753,7/23/2017 18:00,11.8,21.6,9,3.59
1754,7/23/2017 18:15,11.8,21.6,9,3.59
1755,7/23/2017 18:30,11.5,21.3,9,3.59
1756,7/23/2017 18:45,11.5,20.9,9,3.55
1757,7/23/2017 19:00,11.5,20.9,9,3.55
1758,7/23/2017 19:15,11.5,20.6,9,3.55
1759,7/23/2017 19:30,11.5,20.2,9,3.55
1760,7/23/2017 19:45,11.5,19.5,9,3.55
1761,7/23/2017 20:00,11.5,18.8,9,3.55
1762,7/23/2017 20:15,11.2,17.8,9,3.55
1763,7/23/2017 20:30,11.2,17.5,9,3.55
1764,7/23/2017 20:45,11.2,16.8,9,3.55
1765,7/23/2017 21:00,11.2,16.1,9,3.55
1766,7/23/2017 21:15,11.2,15.8,9,3.55
1767,7/23/2017 21:30,10.8,15.5,9,3.55
1768,7/23/2017 21:45,10.8,15.1,9,3.55
1769,7/23/2017 22:00,10.8,14.8,9,3.55
1770,7/23/2017 22:15,10.8,14.5,10,3.55
1771,7/23/2017 22:30,10.8,14.5,10,3.55
1772,7/23/2017 22:45,10.8,14.1,10,3.55
1773,7/23/2017 23:00,10.8,13.8,10,3.55
1774,7/23/2017 23:15,10.5,13.5,10,3.55
1775,7/23/2017 23:30,10.5,13.1,10,3.55
1776,7/23/2017 23:45,10.5,12.8,10,3.55
1777,7/24/2017 0:00,10.5,12.5,10,3.55
1778,7/24/2017 0:15,10.5,12.1,10,3.55
1779,7/24/2017 0:30,10.5,12.1,10,3.55
1780,7/24/2017 0:45,10.5,11.8,10,3.55
1781,7/24/2017 1:00,10.5,11.8,10,3.55
1782,7/24/2017 1:15,10.2,11.5,10,3.55
1783,7/24/2017 1:30,10.2,11.5,10,3.55
1784,7/24/2017 1:45,10.2,11.2,10,3.55
1785,7/24/2017 2:00,10.2,11.2,10,3.55
1786,7/24/2017 2:15,10.2,11.2,10,3.55
1787,7/24/2017 2:30,10.2,10.8,10,3.55
1788,7/24/2017 2:45,10.2,10.8,10,3.55
1789,7/24/2017 3:00,10.2,10.8,10,3.55
1790,7/24/2017 3:15,10.2,10.8,10,3.55
1791,7/24/2017 3:30,10.2,10.8,10,3.55
1792,7/24/2017 3:45,10.2,10.8,10,3.55
1793,7/24/2017 4:00,10.2,10.8,10,3.55
1794,7/24/2017 4:15,10.2,10.5,10,3.55
1795,7/24/2017 4:30,10.2,10.5,10,3.55
1796,7/24/2017 4:45,10.2,10.5,10,3.55
1797,7/24/2017 5:00,10.2,10.8,11,3.55
1798,7/24/2017 5:15,10.2,11.2,11,3.55
1799,7/24/2017 5:30,10.2,10.8,11,3.55
1800,7/24/2017 5:45,10.2,10.8,11,3.55
1801,7/24/2017 6:00,10.2,10.8,11,3.55
1802,7/24/2017 6:15,10.2,10.8,11,3.55
1803,7/24/2017 6:30,9.8,10.8,11,3.55
1804,7/24/2017 6:45,9.8,10.8,11,3.55
1805,7/24/2017 7:00,9.8,10.8,11,3.55
1806,7/24/2017 7:15,9.8,10.8,11,3.55
1807,7/24/2017 7:30,9.8,10.8,11,3.55
1808,7/24/2017 7:45,10.2,10.8,11,3.55
1809,7/24/2017 8:00,10.2,11.5,11,3.55
1810,7/24/2017 8:15,10.2,12.8,11,3.55
1811,7/24/2017 8:30,10.5,14.5,11,3.55
1812,7/24/2017 8:45,10.5,15.8,10,3.55
1813,7/24/2017 9:00,10.5,16.5,10,3.55
1814,7/24/2017 9:15,10.8,16.8,10,3.55
1815,7/24/2017 9:30,10.8,17.8,10,3.55
1816,7/24/2017 9:45,11.2,18.8,11,3.55
1817,7/24/2017 10:00,11.2,20.2,10,3.55
1818,7/24/2017 10:15,11.5,21.6,10,3.55
1819,7/24/2017 10:30,11.8,22.7,10,3.59
1820,7/24/2017 10:45,12.1,23.8,11,3.59
1821,7/24/2017 11:00,12.5,25.3,11,3.59
1822,7/24/2017 11:15,12.5,26.4,10,3.59
1823,7/24/2017 11:30,12.5,26.8,10,3.59
1824,7/24/2017 11:45,12.5,27.2,10,3.59
1825,7/24/2017 12:00,12.1,26,10,3.59
1826,7/24/2017 12:15,12.1,25.6,10,3.59
1827,7/24/2017 12:30,12.5,25.6,10,3.59
1828,7/24/2017 12:45,12.5,26,10,3.59
1829,7/24/2017 13:00,12.8,26.8,9,3.59
1830,7/24/2017 13:15,13.1,27.2,9,3.59
1831,7/24/2017 13:30,13.1,27.5,9,3.59
1832,7/24/2017 13:45,12.8,26.8,8,3.59
1833,7/24/2017 14:00,12.5,26,8,3.59
1834,7/24/2017 14:15,12.5,25.3,8,3.59
1835,7/24/2017 14:30,12.1,24.9,7,3.59
1836,7/24/2017 14:45,12.1,24.2,7,3.59
1837,7/24/2017 15:00,12.1,23.4,7,3.59
1838,7/24/2017 15:15,12.1,23.4,7,3.59
1839,7/24/2017 15:30,12.5,25.6,7,3.59
1840,7/24/2017 15:45,12.5,26.8,7,3.59
1841,7/24/2017 16:00,12.1,25.6,7,3.59
1842,7/24/2017 16:15,12.1,24.5,6,3.59
1843,7/24/2017 16:30,12.1,23.4,6,3.59
1844,7/24/2017 16:45,12.1,22.7,6,3.59
1845,7/24/2017 17:00,11.8,22.3,6,3.59
1846,7/24/2017 17:15,11.8,21.6,6,3.59
1847,7/24/2017 17:30,11.8,20.9,6,3.59
1848,7/24/2017 17:45,11.8,20.6,6,3.55
1849,7/24/2017 18:00,11.8,20.9,7,3.59
1850,7/24/2017 18:15,11.8,20.9,7,3.59
1851,7/24/2017 18:30,11.8,20.9,7,3.59
1852,7/24/2017 18:45,11.8,20.6,7,3.55
1853,7/24/2017 19:00,11.8,19.9,7,3.55
1854,7/24/2017 19:15,11.5,19.2,7,3.55
1855,7/24/2017 19:30,11.5,18.8,7,3.55
1856,7/24/2017 19:45,11.5,18.5,7,3.55
1857,7/24/2017 20:00,11.5,18.2,7,3.55
1858,7/24/2017 20:15,11.5,17.5,8,3.55
1859,7/24/2017 20:30,11.5,17.1,8,3.55
1860,7/24/2017 20:45,11.2,16.8,8,3.55
1861,7/24/2017 21:00,11.2,16.5,8,3.55
1862,7/24/2017 21:15,11.2,16.1,8,3.55
1863,7/24/2017 21:30,11.2,16.1,8,3.55
1864,7/24/2017 21:45,10.8,15.8,8,3.55
1865,7/24/2017 22:00,10.8,15.5,8,3.55
1866,7/24/2017 22:15,10.8,15.5,8,3.55
1867,7/24/2017 22:30,10.8,15.5,8,3.55
1868,7/24/2017 22:45,10.8,15.5,8,3.55
1869,7/24/2017 23:00,10.8,15.5,8,3.55
1870,7/24/2017 23:15,10.8,15.5,8,3.55
1871,7/24/2017 23:30,10.8,15.5,8,3.55
1872,7/24/2017 23:45,10.8,15.1,9,3.55
1873,7/25/2017 0:00,10.8,14.8,9,3.55
1874,7/25/2017 0:15,10.8,14.8,9,3.55
1875,7/25/2017 0:30,10.8,14.8,9,3.55
1876,7/25/2017 0:45,10.8,14.5,9,3.55
1877,7/25/2017 1:00,10.8,14.5,9,3.55
1878,7/25/2017 1:15,10.8,14.5,9,3.55
1879,7/25/2017 1:30,10.8,14.5,9,3.55
1880,7/25/2017 1:45,10.8,14.5,9,3.55
1881,7/25/2017 2:00,10.8,14.5,8,3.55
1882,7/25/2017 2:15,10.8,14.1,8,3.55
1883,7/25/2017 2:30,10.8,14.1,8,3.55
1884,7/25/2017 2:45,10.8,14.1,8,3.55
1885,7/25/2017 3:00,10.8,13.8,8,3.55
1886,7/25/2017 3:15,10.8,13.8,8,3.55
1887,7/25/2017 3:30,10.5,13.5,8,3.55
1888,7/25/2017 3:45,10.5,13.5,9,3.55
1889,7/25/2017 4:00,10.5,13.5,8,3.55
1890,7/25/2017 4:15,10.5,13.1,8,3.55
1891,7/25/2017 4:30,10.5,13.1,8,3.55
1892,7/25/2017 4:45,10.5,13.1,9,3.55
1893,7/25/2017 5:00,10.5,13.1,9,3.55
1894,7/25/2017 5:15,10.5,13.1,9,3.55
1895,7/25/2017 5:30,10.5,12.8,9,3.55
1896,7/25/2017 5:45,10.5,12.8,9,3.55
1897,7/25/2017 6:00,10.5,12.8,9,3.55
1898,7/25/2017 6:15,10.5,12.8,9,3.55
1899,7/25/2017 6:30,10.5,13.1,9,3.55
1900,7/25/2017 6:45,10.5,13.5,9,3.55
1901,7/25/2017 7:00,10.5,13.8,9,3.55
1902,7/25/2017 7:15,10.5,14.1,9,3.55
1903,7/25/2017 7:30,10.8,14.8,9,3.55
1904,7/25/2017 7:45,10.8,15.5,9,3.55
1905,7/25/2017 8:00,10.8,15.8,9,3.55
1906,7/25/2017 8:15,10.8,16.5,9,3.55
1907,7/25/2017 8:30,11.2,17.1,9,3.55
1908,7/25/2017 8:45,11.2,17.8,9,3.55
1909,7/25/2017 9:00,11.2,18.5,9,3.55
1910,7/25/2017 9:15,11.2,18.8,9,3.55
1911,7/25/2017 9:30,11.2,19.2,9,3.55
1912,7/25/2017 9:45,11.2,18.8,9,3.55
1913,7/25/2017 10:00,11.2,18.5,9,3.55
1914,7/25/2017 10:15,11.2,18.5,9,3.55
1915,7/25/2017 10:30,11.2,18.2,9,3.55
1916,7/25/2017 10:45,11.2,18.2,9,3.55
1917,7/25/2017 11:00,11.2,18.5,9,3.55
1918,7/25/2017 11:15,11.2,18.8,9,3.55
1919,7/25/2017 11:30,11.2,18.8,9,3.55
1920,7/25/2017 11:45,11.5,19.5,9,3.55
1921,7/25/2017 12:00,11.5,19.9,9,3.55
1922,7/25/2017 12:15,11.5,19.9,9,3.55
1923,7/25/2017 12:30,11.5,19.9,9,3.55
1924,7/25/2017 12:45,11.5,19.5,9,3.55
1925,7/25/2017 13:00,11.5,19.2,9,3.55
1926,7/25/2017 13:15,11.5,19.2,9,3.55
1927,7/25/2017 13:30,11.5,19.2,9,3.55
1928,7/25/2017 13:45,11.5,19.5,9,3.55
1929,7/25/2017 14:00,11.5,20.2,9,3.55
1930,7/25/2017 14:15,11.5,20.6,9,3.55
1931,7/25/2017 14:30,11.5,20.2,9,3.55
1932,7/25/2017 14:45,11.5,19.9,8,3.55
1933,7/25/2017 15:00,11.5,19.2,8,3.55
1934,7/25/2017 15:15,11.5,18.5,8,3.55
1935,7/25/2017 15:30,11.5,17.5,8,3.55
1936,7/25/2017 15:45,11.5,16.8,9,3.55
1937,7/25/2017 16:00,11.5,16.8,8,3.55
1938,7/25/2017 16:15,11.5,17.1,9,3.55
1939,7/25/2017 16:30,11.5,17.1,9,3.55
1940,7/25/2017 16:45,11.5,16.8,9,3.55
1941,7/25/2017 17:00,11.2,16.8,9,3.55
1942,7/25/2017 17:15,11.2,16.1,9,3.55
1943,7/25/2017 17:30,11.2,15.8,9,3.55
1944,7/25/2017 17:45,11.2,15.5,9,3.55
1945,7/25/2017 18:00,11.2,15.5,9,3.55
1946,7/25/2017 18:15,11.2,15.5,9,3.55
1947,7/25/2017 18:30,11.2,15.5,9,3.55
1948,7/25/2017 18:45,11.2,15.1,9,3.55
1949,7/25/2017 19:00,11.2,15.1,9,3.55
1950,7/25/2017 19:15,11.2,14.8,9,3.55
1951,7/25/2017 19:30,11.2,14.8,10,3.55
1952,7/25/2017 19:45,11.2,14.5,11,3.55
1953,7/25/2017 20:00,11.2,14.5,12,3.55
1954,7/25/2017 20:15,11.2,14.5,13,3.55
1955,7/25/2017 20:30,11.2,14.1,13,3.55
1956,7/25/2017 20:45,11.2,13.8,13,3.55
1957,7/25/2017 21:00,11.2,13.8,13,3.55
1958,7/25/2017 21:15,11.2,13.5,13,3.55
1959,7/25/2017 21:30,11.2,13.1,13,3.55
1960,7/25/2017 21:45,10.8,13.1,13,3.55
1961,7/25/2017 22:00,10.8,13.1,13,3.55
1962,7/25/2017 22:15,10.8,13.1,14,3.55
1963,7/25/2017 22:30,10.8,13.1,14,3.55
1964,7/25/2017 22:45,10.8,13.1,15,3.55
1965,7/25/2017 23:00,10.8,13.1,15,3.55
1966,7/25/2017 23:15,10.8,13.1,15,3.55
1967,7/25/2017 23:30,10.8,13.1,16,3.55
1968,7/25/2017 23:45,10.8,13.1,16,3.55
1969,7/26/2017 0:00,10.8,13.1,16,3.55
1970,7/26/2017 0:15,10.8,13.1,16,3.55
1971,7/26/2017 0:30,10.8,13.1,16,3.55
1972,7/26/2017 0:45,10.8,13.5,17,3.55
1973,7/26/2017 1:00,10.8,13.5,18,3.55
1974,7/26/2017 1:15,10.8,13.5,19,3.55
1975,7/26/2017 1:30,10.8,13.1,19,3.55
1976,7/26/2017 1:45,10.8,12.8,19,3.55
1977,7/26/2017 2:00,10.8,12.5,19,3.55
1978,7/26/2017 2:15,10.8,12.1,19,3.55
1979,7/26/2017 2:30,10.8,12.1,19,3.55
1980,7/26/2017 2:45,10.8,11.8,19,3.55
1981,7/26/2017 3:00,10.8,11.5,19,3.55
1982,7/26/2017 3:15,10.8,11.5,19,3.55
1983,7/26/2017 3:30,10.8,11.5,19,3.55
1984,7/26/2017 3:45,10.8,11.8,19,3.55
1985,7/26/2017 4:00,10.8,11.8,19,3.55
1986,7/26/2017 4:15,10.8,11.8,19,3.55
1987,7/26/2017 4:30,10.8,12.1,19,3.55
1988,7/26/2017 4:45,10.5,12.1,19,3.55
1989,7/26/2017 5:00,10.5,12.1,18,3.55
1990,7/26/2017 5:15,10.5,12.1,18,3.55
1991,7/26/2017 5:30,10.5,12.1,18,3.55
1992,7/26/2017 5:45,10.5,12.1,18,3.55
1993,7/26/2017 6:00,10.5,12.1,18,3.55
1994,7/26/2017 6:15,10.5,12.1,18,3.55
1995,7/26/2017 6:30,10.5,12.5,18,3.55
1996,7/26/2017 6:45,10.5,12.5,18,3.55
1997,7/26/2017 7:00,10.5,12.5,18,3.55
1998,7/26/2017 7:15,10.5,12.5,18,3.55
1999,7/26/2017 7:30,10.5,12.5,17,3.55
2000,7/26/2017 7:45,10.5,12.8,17,3.55
2001,7/26/2017 8:00,10.8,13.1,17,3.55
2002,7/26/2017 8:15,10.8,13.5,17,3.55
2003,7/26/2017 8:30,10.8,13.8,17,3.55
2004,7/26/2017 8:45,10.8,14.1,18,3.55
2005,7/26/2017 9:00,10.8,14.1,17,3.55
2006,7/26/2017 9:15,10.8,14.1,17,3.55
2007,7/26/2017 9:30,10.8,14.5,17,3.55
2008,7/26/2017 9:45,10.8,14.5,17,3.55
2009,7/26/2017 10:00,11.2,14.8,17,3.55
2010,7/26/2017 10:15,11.2,15.5,17,3.55
2011,7/26/2017 10:30,11.2,15.5,17,3.55
2012,7/26/2017 10:45,11.2,15.5,17,3.55
2013,7/26/2017 11:00,11.2,16.1,17,3.55
2014,7/26/2017 11:15,11.2,16.1,17,3.55
2015,7/26/2017 11:30,11.5,16.5,17,3.55
2016,7/26/2017 11:45,11.5,16.8,17,3.55
2017,7/26/2017 12:00,11.5,17.1,17,3.55
2018,7/26/2017 12:15,11.5,17.5,17,3.55
2019,7/26/2017 12:30,11.5,17.5,17,3.55
2020,7/26/2017 12:45,11.8,18.2,17,3.55
2021,7/26/2017 13:00,11.8,18.5,17,3.55
2022,7/26/2017 13:15,12.1,18.5,17,3.55
2023,7/26/2017 13:30,12.1,18.8,17,3.55
2024,7/26/2017 13:45,12.1,18.8,17,3.55
2025,7/26/2017 14:00,12.1,18.5,17,3.55
2026,7/26/2017 14:15,11.8,18.2,16,3.55
2027,7/26/2017 14:30,11.8,17.8,16,3.55
2028,7/26/2017 14:45,11.8,17.8,16,3.55
2029,7/26/2017 15:00,11.8,17.5,16,3.55
2030,7/26/2017 15:15,11.8,16.5,16,3.55
